Barcode,sample_id
AAACAATCTACTAGCA-1,RML6_27
AAACAGAGCGACTCCT-1,RML6_27
AAACCGGGTAGGTACC-1,RML6_27
AAACCTCATGAAGTTG-1,RML6_27
AAACGAAGAACATACC-1,RML6_27
AAACGAGACGGTTGAT-1,RML6_27
AAACTCGTGATATAAG-1,RML6_27
AAACTGCTGGCTCCAA-1,RML6_27
AAAGACATGAAGTTTA-1,RML6_27
AAAGACCCAAGTCGCG-1,RML6_27
AAAGACTGGGCGCTTT-1,RML6_27
AAAGGGATGTAGCAAG-1,RML6_27
AAAGGGCAGCTTGAAT-1,RML6_27
AAAGTCACTGATGTAA-1,RML6_27
AAAGTCGACCCTCAGT-1,RML6_27
AAATAACCATACGGGA-1,RML6_27
AAATAAGGTAGTGCCC-1,RML6_27
AAATACCTATAAGCAT-1,RML6_27
AAATCGTGTACCACAA-1,RML6_27
AAATGATTCGATCAGC-1,RML6_27
AAATGCTCGTTACGTT-1,RML6_27
AAATGGCATGTCTTGT-1,RML6_27
AAATGGTCAATGTGCC-1,RML6_27
AAATGTATCTTATCCC-1,RML6_27
AAATGTGGGTGCTCCT-1,RML6_27
AAATTAACGGGTAGCT-1,RML6_27
AAATTAATAAGCGCGA-1,RML6_27
AAATTACACGACTCTG-1,RML6_27
AAATTACCTATCGATG-1,RML6_27
AAATTGCGGCGGTTCT-1,RML6_27
AAATTTACCGAAATCC-1,RML6_27
AACAACTGGTAGTTGC-1,RML6_27
AACAATTACTCTACGC-1,RML6_27
AACACGACTGTACTGA-1,RML6_27
AACACGCGGCCGCGAA-1,RML6_27
AACAGGAAATCGAATA-1,RML6_27
AACAGGATGGGCCGCG-1,RML6_27
AACATATCAACTGGTG-1,RML6_27
AACATTGGTCAGCCGT-1,RML6_27
AACCAAGACTTCTCTG-1,RML6_27
AACCAGTATCACTCTT-1,RML6_27
AACCATGGGATCGCTA-1,RML6_27
AACCCAGAGACGGAGA-1,RML6_27
AACCCTGGTGGAACCA-1,RML6_27
AACCGAGCTTGGTCAT-1,RML6_27
AACCGTTGTGTTTGCT-1,RML6_27
AACCTAAAGCCGTCCG-1,RML6_27
AACCTTTACGACGTCT-1,RML6_27
AACGATAGAAGGGCCG-1,RML6_27
AACGATATGTCAACTG-1,RML6_27
AACGCATGATCTGGGT-1,RML6_27
AACGCGGTCTCCAGCC-1,RML6_27
AACGGCCATCTCCGGT-1,RML6_27
AACGTACTGTGGGTAC-1,RML6_27
AACGTAGTCTACCCAT-1,RML6_27
AACGTCAGACTAGTGG-1,RML6_27
AACGTGATGAAGGACA-1,RML6_27
AACGTGCGAAAGTCTC-1,RML6_27
AACGTTATCAGCACCT-1,RML6_27
AACTAGCGTATCGCAC-1,RML6_27
AACTCAAGTTAATTGC-1,RML6_27
AACTCCTAATCCCATG-1,RML6_27
AACTCGATGGCGCAGT-1,RML6_27
AACTCTCAATAGAGCG-1,RML6_27
AACTGATATTAGGCCT-1,RML6_27
AACTGGGTTCGAGCCG-1,RML6_27
AACTGGTGTGGGCCTT-1,RML6_27
AACTTGCCCGTATGCA-1,RML6_27
AACTTGCGTTCTCGCG-1,RML6_27
AACTTTACGGGAGCTT-1,RML6_27
AACTTTAGCTGCTGAG-1,RML6_27
AAGAAGGATCAGTTAG-1,RML6_27
AAGACTAACCCGTTGT-1,RML6_27
AAGACTCACGCCCACT-1,RML6_27
AAGACTGCAAGCTACT-1,RML6_27
AAGAGATGAATCGGTA-1,RML6_27
AAGAGCTCTTTATCGG-1,RML6_27
AAGAGGATGTACGCGA-1,RML6_27
AAGAGGCATGGATCGC-1,RML6_27
AAGATTGGCGGAACGT-1,RML6_27
AAGCGGCGTCATGGGT-1,RML6_27
AAGCTCGTGCCAAGTC-1,RML6_27
AAGGAGAACTTATAAG-1,RML6_27
AAGGAGCGGTTGGTGC-1,RML6_27
AAGGATGAGGGACCTC-1,RML6_27
AAGGCGCGTAAAGCTT-1,RML6_27
AAGGCTGTGCTCATCG-1,RML6_27
AAGGGACAGATTCTGT-1,RML6_27
AAGGTATCCTAATATA-1,RML6_27
AAGTAAGCTTCCAAAC-1,RML6_27
AAGTAGAAGACCGGGT-1,RML6_27
AAGTAGTGACGCGAGG-1,RML6_27
AAGTGACGACCGAATT-1,RML6_27
AAGTGCAAAGGTAGAC-1,RML6_27
AAGTTCAGTCTGCGTA-1,RML6_27
AAGTTCGGCCAACAGG-1,RML6_27
AAGTTTACTAATGGCA-1,RML6_27
AATAACAACGCTCGGC-1,RML6_27
AATAAGTCCTCGAGAC-1,RML6_27
AATACAATGTTTCAGG-1,RML6_27
AATAGCTACCGCGTGC-1,RML6_27
AATAGTCGCGAGTCGG-1,RML6_27
AATATCAAGGTCGGAT-1,RML6_27
AATATCGAGGGTTCTC-1,RML6_27
AATATTGGAGTATTGA-1,RML6_27
AATCCAAGGGCCTGAG-1,RML6_27
AATCCATGCAAGGGTG-1,RML6_27
AATCGCCTCAGCGCCA-1,RML6_27
AATCGGGACACTACGA-1,RML6_27
AATCTATGCCGGAGCC-1,RML6_27
AATCTGCGTTGGGACG-1,RML6_27
AATCTGGGTAGACCCT-1,RML6_27
AATGACGTAGGATGTC-1,RML6_27
AATGACTGTCAGCCGG-1,RML6_27
AATGAGTTCGCATATG-1,RML6_27
AATGATGATACGCTAT-1,RML6_27
AATGATGCGACTCCTG-1,RML6_27
AATGCAACCGGGTACC-1,RML6_27
AATGCACCAAGCAATG-1,RML6_27
AATGGTCCACCGTTCA-1,RML6_27
AATTAAAGGTCGGCGT-1,RML6_27
AATTCATAAGGGATCT-1,RML6_27
AATTCTAGAGTTAGGC-1,RML6_27
AATTTGGGACATAGTA-1,RML6_27
AATTTGGTTCCAAAGA-1,RML6_27
ACAAACCGACAAGGCG-1,RML6_27
ACAAATGGTAGTGTTT-1,RML6_27
ACAAATTCAGATCTGA-1,RML6_27
ACAACAGCATGAGCTA-1,RML6_27
ACAACGGTCCCTGCGA-1,RML6_27
ACAAGCAGTGCCTAGC-1,RML6_27
ACAAGGACAAGAGGTT-1,RML6_27
ACAAGGGCAGGCTCTG-1,RML6_27
ACAATCCATTTAAACC-1,RML6_27
ACAATCGATCTTTATA-1,RML6_27
ACAATTTAGGAGGCTC-1,RML6_27
ACAATTTGAGCAGTGG-1,RML6_27
ACACAAAGACGGGTGG-1,RML6_27
ACACACTTTCTACACG-1,RML6_27
ACACCCAGCATGCAGC-1,RML6_27
ACACCGAGCGCTCTTT-1,RML6_27
ACACCTTAAGTAGGGC-1,RML6_27
ACACGAGACTCCTTCT-1,RML6_27
ACACGGCACTATGCAT-1,RML6_27
ACACGGGAACTTAGGG-1,RML6_27
ACAGATTAGGTTAGTG-1,RML6_27
ACAGCATAGAGCCAGT-1,RML6_27
ACAGCGCACCCGCAGC-1,RML6_27
ACATAATAAGGCGGTG-1,RML6_27
ACATCAGCTGGGACGC-1,RML6_27
ACATCGATCGTTTACC-1,RML6_27
ACATCGGTCAGCCGCG-1,RML6_27
ACATCGTATGCAATGG-1,RML6_27
ACATCGTTAACCTAGT-1,RML6_27
ACATCTCAACGCGTAA-1,RML6_27
ACCAAACTAGAAATCC-1,RML6_27
ACCAACACCACACACT-1,RML6_27
ACCAAGAACGCGTGTC-1,RML6_27
ACCACAACTCAGAACA-1,RML6_27
ACCACAAGTTTCTATC-1,RML6_27
ACCAGCCCGGTCTTTG-1,RML6_27
ACCAGGAGTGTGATCT-1,RML6_27
ACCAGTGCCCGGTCAA-1,RML6_27
ACCATATCCGCAATAA-1,RML6_27
ACCATCGTATATGGTA-1,RML6_27
ACCATTAAGGGTGTCA-1,RML6_27
ACCCAACGCCCGTGGC-1,RML6_27
ACCCACCTACATGCTC-1,RML6_27
ACCCATCTTGAGGGTA-1,RML6_27
ACCCGGTTACACTTCC-1,RML6_27
ACCCTATAGGACTGAG-1,RML6_27
ACCCTTCATCTGCGAA-1,RML6_27
ACCCTTTAGTTCTCCA-1,RML6_27
ACCGAAAGGGCCCTGC-1,RML6_27
ACCGACTGAGTCCCAC-1,RML6_27
ACCGATGGTAGCATCG-1,RML6_27
ACCGGTCTGAGTACGG-1,RML6_27
ACCGTTCCCGCTCTGA-1,RML6_27
ACCTAATCGACTTCCT-1,RML6_27
ACCTTTCCTTTAGAAG-1,RML6_27
ACGAAATGGGCGGCAC-1,RML6_27
ACGAGAACCCATCACG-1,RML6_27
ACGAGATATTTGCTTA-1,RML6_27
ACGAGTACGGATGCCC-1,RML6_27
ACGAGTCGCCGGCGTT-1,RML6_27
ACGATACATAGAACTA-1,RML6_27
ACGATCATACATAGAG-1,RML6_27
ACGATCATCTTGTAAA-1,RML6_27
ACGATGCATATGTTAT-1,RML6_27
ACGATGGATCCGATGC-1,RML6_27
ACGCAATCACTACAGC-1,RML6_27
ACGCATTCGTGAGTAC-1,RML6_27
ACGCCAGATGATTTCT-1,RML6_27
ACGCCCAGCTGTCGAT-1,RML6_27
ACGCCGCTAGACGACC-1,RML6_27
ACGCGCTACACAGGGT-1,RML6_27
ACGCGGGCCAAGGACA-1,RML6_27
ACGCGTTTCTTAAGAG-1,RML6_27
ACGCTAGTGATACACT-1,RML6_27
ACGCTTAGTGTCTCTC-1,RML6_27
ACGGAATTTAGCAAAT-1,RML6_27
ACGGAGCGCAAATTAC-1,RML6_27
ACGGCGGGTTGCCCTG-1,RML6_27
ACGGGTCATGTGACTT-1,RML6_27
ACGTACAGATTTCTCT-1,RML6_27
ACGTAGATTGCTGATG-1,RML6_27
ACGTCCTAAACGAGAT-1,RML6_27
ACGTGCGCCTCGTGCA-1,RML6_27
ACGTGGTCGAATGTGC-1,RML6_27
ACGTTAATGTCGAAGA-1,RML6_27
ACGTTAGATTTGCCCG-1,RML6_27
ACGTTATTGGTCACTC-1,RML6_27
ACGTTCCGCGCTCCGT-1,RML6_27
ACGTTCGCAATCAATT-1,RML6_27
ACGTTTAGTTGTGATC-1,RML6_27
ACTAATACGTCAGGCG-1,RML6_27
ACTACCAGCTCTCTGG-1,RML6_27
ACTATATGCTGTGTTC-1,RML6_27
ACTATCGCCGGCTAAA-1,RML6_27
ACTCAACGAATGTATT-1,RML6_27
ACTCAATAAAGGCACG-1,RML6_27
ACTCAGACCTGCTTCT-1,RML6_27
ACTCCCGAATTCGTTT-1,RML6_27
ACTCCCTAGAATAGTA-1,RML6_27
ACTCGATGTATTTCAT-1,RML6_27
ACTCGTCAGTAATCCC-1,RML6_27
ACTCTAAACCTGGGAT-1,RML6_27
ACTCTCTGACTTAGGT-1,RML6_27
ACTCTCTTATACACGA-1,RML6_27
ACTCTTGTATAGTAAC-1,RML6_27
ACTGATTTAGTGATTC-1,RML6_27
ACTGCCGTCGTAACTC-1,RML6_27
ACTGTACGATACACAT-1,RML6_27
ACTGTAGCACTTTGGA-1,RML6_27
ACTGTATACGCGAGCA-1,RML6_27
ACTGTCCAGGATTATA-1,RML6_27
ACTGTCTTCTTTAGAA-1,RML6_27
ACTTACCGGGCGCGCA-1,RML6_27
ACTTATACTTACCCGG-1,RML6_27
ACTTATCTGATCTATA-1,RML6_27
ACTTATTAGGATCGGT-1,RML6_27
ACTTCGCCATACGCAC-1,RML6_27
ACTTGACTCCCTCTTT-1,RML6_27
ACTTGCCATATTGTAC-1,RML6_27
ACTTGGGACCCGGTGG-1,RML6_27
ACTTTACCCTCATGAA-1,RML6_27
ACTTTCCTATAGCTTC-1,RML6_27
AGAACGTGGTACATTC-1,RML6_27
AGAAGAGCGCCGTTCC-1,RML6_27
AGAAGGTTGCCGAATT-1,RML6_27
AGAATTATGGATTCGA-1,RML6_27
AGACAGCTCAGAATCC-1,RML6_27
AGACATAGATCCTTCC-1,RML6_27
AGACCCGCCCTCCTCG-1,RML6_27
AGACGGGATTGGTATA-1,RML6_27
AGACGGGCCGATTTAA-1,RML6_27
AGACTAGCCTTCCAGA-1,RML6_27
AGAGAACCGTCTAGGA-1,RML6_27
AGAGATCTCTAAAGCG-1,RML6_27
AGAGCAGTTATGAGAC-1,RML6_27
AGAGCGGGCTAATCAT-1,RML6_27
AGAGCTACGAAAGCAT-1,RML6_27
AGAGGTATCTCGGTCC-1,RML6_27
AGATAACTTCAGGGCC-1,RML6_27
AGATACCGGTGTTCAC-1,RML6_27
AGATACGACTTCATAT-1,RML6_27
AGATCGTGCATAAGAT-1,RML6_27
AGATCTCAGGTGTGAT-1,RML6_27
AGATGAGGGTTGCGAT-1,RML6_27
AGATGATGGAGTCTGG-1,RML6_27
AGATTATAGGACGTTT-1,RML6_27
AGCACCAGTACTCACG-1,RML6_27
AGCACTACCGGCCTGT-1,RML6_27
AGCACTTAAGGACGCC-1,RML6_27
AGCATCGTCGATAATT-1,RML6_27
AGCCACTCCCGTGCTT-1,RML6_27
AGCCCATACATGTAAG-1,RML6_27
AGCCCTAAGCGAAGTT-1,RML6_27
AGCCCTTCTAATCCGA-1,RML6_27
AGCCTTAAAGCGGAAG-1,RML6_27
AGCGACATCCCATTCA-1,RML6_27
AGCGACCAACGATATT-1,RML6_27
AGCGCGGGTGCCAATG-1,RML6_27
AGCGCTTATGGGCAAG-1,RML6_27
AGCGGGAAGGGTCCAT-1,RML6_27
AGCGGTTGAGATGTAC-1,RML6_27
AGCGTAGCGCTAGACC-1,RML6_27
AGCGTCTGAACCCGCA-1,RML6_27
AGCGTGGTATTCTACT-1,RML6_27
AGCGTTCCGATTTAAA-1,RML6_27
AGCTAGAAGCAGAAGT-1,RML6_27
AGCTATTTAATCCAAC-1,RML6_27
AGCTCTAGACGTTCCA-1,RML6_27
AGCTCTTCCCAGTGCA-1,RML6_27
AGCTCTTTACTCAGTT-1,RML6_27
AGCTGAAGTAAACCAA-1,RML6_27
AGCTGCATTTGAGGTG-1,RML6_27
AGCTTATAGAGACCTG-1,RML6_27
AGCTTCAATACTTTGA-1,RML6_27
AGCTTGATCTTAACTT-1,RML6_27
AGGACATCGCACGTCG-1,RML6_27
AGGACGACCCATTAGA-1,RML6_27
AGGACGCTCGATGTTG-1,RML6_27
AGGCAAAGAGGAATCA-1,RML6_27
AGGCAGATGCGTAAAC-1,RML6_27
AGGCCACCCGTTATGA-1,RML6_27
AGGCCCATTGTACAGG-1,RML6_27
AGGCTATGGTTAGCTT-1,RML6_27
AGGCTTGCTAGACACC-1,RML6_27
AGGGAAACGAGGTACT-1,RML6_27
AGGGACAGCACGGCGG-1,RML6_27
AGGGAGACATACTTCG-1,RML6_27
AGGGCAGCGGCGTGGT-1,RML6_27
AGGGCGTGATCGGCTA-1,RML6_27
AGGGCTGCAGTTACAG-1,RML6_27
AGGGTCGATGCGAACT-1,RML6_27
AGGGTGCTCTCGAGGG-1,RML6_27
AGGGTGGATAGTGCAT-1,RML6_27
AGGGTTCCCTTTGGTT-1,RML6_27
AGGGTTTAGTTCGGGA-1,RML6_27
AGGTAACCTCCTATTC-1,RML6_27
AGGTACGATATTGCCA-1,RML6_27
AGGTAGGTACAAAGCT-1,RML6_27
AGGTCGCCACTTCGGT-1,RML6_27
AGGTCGCGGAGTTACT-1,RML6_27
AGGTGTATCGCCATGA-1,RML6_27
AGGTTGAGGCACGCTT-1,RML6_27
AGGTTTCACACACCTT-1,RML6_27
AGTAACGTTCATCCTG-1,RML6_27
AGTAATGTCTTGCCGC-1,RML6_27
AGTACATCATTTATCA-1,RML6_27
AGTACGGCCCGTATCG-1,RML6_27
AGTACGGGCACCTGGC-1,RML6_27
AGTACGTGGCCTGTCT-1,RML6_27
AGTAGCGTGAACGAAC-1,RML6_27
AGTAGCTAGACGCCGA-1,RML6_27
AGTAGGAAGGAAGTTG-1,RML6_27
AGTAGGTAACATACAT-1,RML6_27
AGTATAATACTAGGCA-1,RML6_27
AGTATCCATAATAACG-1,RML6_27
AGTCAACACCACCATC-1,RML6_27
AGTCACTCCGCCTCAT-1,RML6_27
AGTCAGCCACCGCCTG-1,RML6_27
AGTCCAGCGGGTACGT-1,RML6_27
AGTCCCGCCTTTAATT-1,RML6_27
AGTCGACGGTCTCAAG-1,RML6_27
AGTCGGCCCAAACGAC-1,RML6_27
AGTCTAAAGTATACTC-1,RML6_27
AGTCTTCTCCTCAAAT-1,RML6_27
AGTGACCTACTTTACG-1,RML6_27
AGTGAGACTTCCAGTA-1,RML6_27
AGTGAGCCTCGCCGCC-1,RML6_27
AGTGAGGGTTTCTGAC-1,RML6_27
AGTGATATGAGTAGTT-1,RML6_27
AGTGATTCAAGCAGGA-1,RML6_27
AGTGCGTAGCTCGTAA-1,RML6_27
AGTGCTTGCACGAATA-1,RML6_27
AGTGGCGGCAATTTGA-1,RML6_27
AGTGGGAGTATACACG-1,RML6_27
AGTGTATTGCGCATTG-1,RML6_27
AGTTAAACACTTGCGA-1,RML6_27
AGTTAAGCGGTCCCGG-1,RML6_27
AGTTACCCTTAAGACT-1,RML6_27
AGTTACCGCACATGGT-1,RML6_27
AGTTACTCTATCGTGG-1,RML6_27
AGTTATTGAAAGGTAA-1,RML6_27
AGTTCACCGGTTGGAC-1,RML6_27
AGTTCCTACAGAATTA-1,RML6_27
AGTTCCTATTTATGTT-1,RML6_27
AGTTCTGCGTTGTATC-1,RML6_27
AGTTGACATCGGCTGG-1,RML6_27
AGTTTCGCAGGTCGGA-1,RML6_27
ATAAACCATTGGACGG-1,RML6_27
ATAAACGGACCCGTAA-1,RML6_27
ATAAAGGCTCGGTCGT-1,RML6_27
ATAAAGGTCAAGTACG-1,RML6_27
ATAAATATTAGCAGCT-1,RML6_27
ATAACGCCGGAGGGTC-1,RML6_27
ATAACGGAGTCCAACG-1,RML6_27
ATAAGTAGGATTCAGA-1,RML6_27
ATAAGTTACCGCGACG-1,RML6_27
ATAATAGCTGTTGAAT-1,RML6_27
ATACCACGGGCAACTT-1,RML6_27
ATACCAGCAAATTGCT-1,RML6_27
ATACCAGGCTAATAGA-1,RML6_27
ATACCAGGTGAGCGAT-1,RML6_27
ATACGCCGATCTACCG-1,RML6_27
ATACGCCGGCGAAACC-1,RML6_27
ATACGGGTTTCGATTG-1,RML6_27
ATACGGTGAAGATGCA-1,RML6_27
ATACTCTCGCCACTCT-1,RML6_27
ATACTTGTTCTCGAGC-1,RML6_27
ATAGACAACGGGACCT-1,RML6_27
ATAGACGAAGAGAAAG-1,RML6_27
ATAGAGTACTGGGACA-1,RML6_27
ATAGAGTTATCAACTT-1,RML6_27
ATAGATTTGCAGTCGG-1,RML6_27
ATAGCCTCAGTACCCA-1,RML6_27
ATAGCTGCTCTTGTTA-1,RML6_27
ATAGGAATCTAAGCTT-1,RML6_27
ATAGGCGGCTATAGAA-1,RML6_27
ATAGGCTAGCTTCGCA-1,RML6_27
ATAGGGATATCCTTGA-1,RML6_27
ATAGGTTGGGCAGATG-1,RML6_27
ATAGTCTTTGACGTGC-1,RML6_27
ATAGTGAAGCGTTCTC-1,RML6_27
ATATCGTGCCAGACCC-1,RML6_27
ATATCTCCCTCGTTAA-1,RML6_27
ATATCTTAGGGCCTTC-1,RML6_27
ATATGTCTCCCTAGCC-1,RML6_27
ATATTCAGTTAAACCT-1,RML6_27
ATATTCCCACAGGTCA-1,RML6_27
ATATTTAACCCTCAAG-1,RML6_27
ATCAATCTGGGCTGCA-1,RML6_27
ATCACATTAGAATATC-1,RML6_27
ATCACGTGCTAATTAA-1,RML6_27
ATCACTTCATCCTCGC-1,RML6_27
ATCAGACGGCACGCCG-1,RML6_27
ATCAGGTCGCCATTGC-1,RML6_27
ATCAGTAGGCAGGGAT-1,RML6_27
ATCATCCAATATTTGT-1,RML6_27
ATCATCTGCCCAGTGT-1,RML6_27
ATCCAACGCAGTCATA-1,RML6_27
ATCCAATGGAGGGTCC-1,RML6_27
ATCCACGCTAAATGTT-1,RML6_27
ATCCAGGATTCGTGAA-1,RML6_27
ATCCTACCTAAGCTCT-1,RML6_27
ATCCTGAATCGCTGCG-1,RML6_27
ATCCTGCGTGGAATGG-1,RML6_27
ATCCTGCTGCAGATAG-1,RML6_27
ATCGACCCAATACAGA-1,RML6_27
ATCGACTCTTTCCGTT-1,RML6_27
ATCGCACGATTGTTCA-1,RML6_27
ATCGCACGCCGGGAGA-1,RML6_27
ATCGCTGCGTGCAGCA-1,RML6_27
ATCGGCAAGCAGTCCA-1,RML6_27
ATCGGTTACCTAGTAA-1,RML6_27
ATCGTATTCCGAGAAC-1,RML6_27
ATCGTTCACTTTCGCC-1,RML6_27
ATCTCATAAACCTACC-1,RML6_27
ATCTCCCTGCAATCTA-1,RML6_27
ATCTGATAGTGTCTTA-1,RML6_27
ATCTGCACCTCTGCGA-1,RML6_27
ATCTGGTTAAGACTGT-1,RML6_27
ATCTGTAATTGTACCC-1,RML6_27
ATCTTGACCTGCAACG-1,RML6_27
ATCTTGACTTGTCCAA-1,RML6_27
ATGAAGCCAAGGAGCC-1,RML6_27
ATGAAGTGGACCCAGC-1,RML6_27
ATGACGCCGGCTCTAA-1,RML6_27
ATGAGGAGTGTTAATC-1,RML6_27
ATGATCGGGAATAGAC-1,RML6_27
ATGATGCAATGGTACA-1,RML6_27
ATGCACCTTCCTTAAT-1,RML6_27
ATGCACTACCGCATTG-1,RML6_27
ATGCATGATCCAGGAT-1,RML6_27
ATGCATTCCGTGATGG-1,RML6_27
ATGCCAATCGCTCTGC-1,RML6_27
ATGCCGGTCTTGCATA-1,RML6_27
ATGCCGGTTGATGGGA-1,RML6_27
ATGCGACAGTCCCATT-1,RML6_27
ATGCTCAGTGTTGCAT-1,RML6_27
ATGGAGCAGGCCGTGA-1,RML6_27
ATGGATCCGGCGTCCG-1,RML6_27
ATGGATTGACCAAACG-1,RML6_27
ATGGCAGCCGAGAAAC-1,RML6_27
ATGGCTGGAAATGGCC-1,RML6_27
ATGGGAACGGAAGCGG-1,RML6_27
ATGGTGCTCAAAGCCA-1,RML6_27
ATGTAAGGCTGCTCTT-1,RML6_27
ATGTCATTTCCCATTG-1,RML6_27
ATGTGCATCCGACGCA-1,RML6_27
ATGTGGACATCTTGAT-1,RML6_27
ATGTGTAGTTTAGTCA-1,RML6_27
ATGTTACGAGCAATAC-1,RML6_27
ATGTTCCTGCCCACCT-1,RML6_27
ATGTTCGTCGACCCAC-1,RML6_27
ATGTTTGTAAGATCAT-1,RML6_27
ATTAAACATGCGGACC-1,RML6_27
ATTAACACCTGAGATA-1,RML6_27
ATTAATACTACGCGGG-1,RML6_27
ATTAATGAACCAGTCG-1,RML6_27
ATTAATTCGGTCACTC-1,RML6_27
ATTACAACTACCGGCC-1,RML6_27
ATTACGCGCTGGCAGG-1,RML6_27
ATTACTAGCCTCTTGC-1,RML6_27
ATTACTTACTGGGCAT-1,RML6_27
ATTAGATTCCTCAGCA-1,RML6_27
ATTAGGCGATGCTTTC-1,RML6_27
ATTATACTTTGCTCGT-1,RML6_27
ATTATCTCGACAGATC-1,RML6_27
ATTATGCCATAGGGAG-1,RML6_27
ATTCAGGACCTATTTC-1,RML6_27
ATTCAGGATCGCCTCT-1,RML6_27
ATTCAGTAGCAGGGTC-1,RML6_27
ATTCATATACTGTCCA-1,RML6_27
ATTCCCACATAAACAA-1,RML6_27
ATTCCTAAGACGTGGA-1,RML6_27
ATTCCTCCGCCAGTGC-1,RML6_27
ATTCGACGCCGGGCCT-1,RML6_27
ATTCTCGTCTCTTTAG-1,RML6_27
ATTCTGAGTATGAACT-1,RML6_27
ATTCTTCGTACTTATG-1,RML6_27
ATTGAAGATCTTAGTG-1,RML6_27
ATTGACGTAACTCGGT-1,RML6_27
ATTGATAGCAACGAGA-1,RML6_27
ATTGATGAGTCCTAAC-1,RML6_27
ATTGCTGCTCCTCCAT-1,RML6_27
ATTGGGAATATCTTGG-1,RML6_27
ATTGGTAGGATCCGCT-1,RML6_27
ATTGTACAACTCGGCT-1,RML6_27
ATTGTCGCAATACCTT-1,RML6_27
ATTTAACTCGTATTAC-1,RML6_27
ATTTACAGTTTACTGG-1,RML6_27
ATTTACTAAGTCCATT-1,RML6_27
ATTTCATTATTTCGCG-1,RML6_27
ATTTGCCTAGTTACGA-1,RML6_27
ATTTGTCTTGGGAGCT-1,RML6_27
ATTTGTTCCAGGGCTC-1,RML6_27
CAAACGAGTATCGCAG-1,RML6_27
CAAACGGTCGCACTTT-1,RML6_27
CAAACGTGGTCTTGCG-1,RML6_27
CAAACTACGATAGAGA-1,RML6_27
CAAACTATTGAGCTTC-1,RML6_27
CAAATGCGGAGTGTTC-1,RML6_27
CAAATGTCCTTCCGTG-1,RML6_27
CAAATTGTCAGCAAGC-1,RML6_27
CAACAGAATAACGCTA-1,RML6_27
CAACAGTGCCAAACGG-1,RML6_27
CAACGACCCGTTTACA-1,RML6_27
CAACTATATCGAATGC-1,RML6_27
CAACTCCAACGTTTAG-1,RML6_27
CAACTCCTTGATCCCG-1,RML6_27
CAACTTGTAGTGGGCA-1,RML6_27
CAAGAGGGCGGAGTAC-1,RML6_27
CAAGCAACGTCGGAGT-1,RML6_27
CAAGCACCAAATGCCT-1,RML6_27
CAAGGATCGCATGTTC-1,RML6_27
CAAGGTCCTATAGGCT-1,RML6_27
CAAGTGAACTTTGGTT-1,RML6_27
CAATAAACCTTGGCCC-1,RML6_27
CAATATTGGACTAGTG-1,RML6_27
CAATCCATTATCCGTT-1,RML6_27
CAATCCCTATACCAGC-1,RML6_27
CAATCCTGCCGTGGAG-1,RML6_27
CAATGGAATCTACATA-1,RML6_27
CAATGGATCTCTACCA-1,RML6_27
CAATGGTCGGCCTGGG-1,RML6_27
CAATTAAGGGTGATGA-1,RML6_27
CAATTTCGTATAAGGG-1,RML6_27
CACAATGAGCTGCTAT-1,RML6_27
CACACAGGGATAGATT-1,RML6_27
CACACGCGCTGTCTTA-1,RML6_27
CACACGTTTCAATGGG-1,RML6_27
CACAGCACCCACGGCA-1,RML6_27
CACAGCTAGGGAGTGA-1,RML6_27
CACATAAGGCGACCGT-1,RML6_27
CACATATTAGCAGGAT-1,RML6_27
CACATGATTCAGCAAC-1,RML6_27
CACATGTTTGGACATG-1,RML6_27
CACATTCTTTCGATGG-1,RML6_27
CACCATCGGAGGAGAC-1,RML6_27
CACCCAAATCTTATGT-1,RML6_27
CACCCACACGTCACCC-1,RML6_27
CACCCACGAGGCAATT-1,RML6_27
CACCCTTTCCTCGCTC-1,RML6_27
CACCGATACACCGAGC-1,RML6_27
CACCGCCAGAAGGTTT-1,RML6_27
CACCGCCGACCAGCGA-1,RML6_27
CACCGCGTCCACTCTA-1,RML6_27
CACCGGAGATATCTCC-1,RML6_27
CACCTAATAGAGTCGT-1,RML6_27
CACCTTGCGAAACTCG-1,RML6_27
CACGAAAGTTAGTCCC-1,RML6_27
CACGACCACAGACTTT-1,RML6_27
CACGACTAAAGTTCTG-1,RML6_27
CACGATTGGTCGTTAA-1,RML6_27
CACGCACAGCGCAGCT-1,RML6_27
CACGCAGCGAGGCTTT-1,RML6_27
CACGGCGCGCCAAAGG-1,RML6_27
CACGGGATTGAGGGTT-1,RML6_27
CACGTCGGGTTCTAGA-1,RML6_27
CACGTCTATGATGTGG-1,RML6_27
CACGTTCGTGCTCTAG-1,RML6_27
CACTAAAGTTGCCTAT-1,RML6_27
CACTACTCAGTTCTGT-1,RML6_27
CACTCAAGAGCTATGG-1,RML6_27
CACTCAGCTCTTGAGG-1,RML6_27
CACTCCTCTCGGTCGG-1,RML6_27
CACTCGGTTAGGAGGA-1,RML6_27
CACTGTCCAAGTGAGA-1,RML6_27
CACTTAATCAGACGGA-1,RML6_27
CACTTCGCCACAGGCT-1,RML6_27
CAGACCTGTAAGTGTT-1,RML6_27
CAGAGCATGAGCTTGC-1,RML6_27
CAGAGTGATTTAACGT-1,RML6_27
CAGATACTAACATAGT-1,RML6_27
CAGATCATTTAAAGTC-1,RML6_27
CAGCAGCCCGTTCCTT-1,RML6_27
CAGCCCTCACAGGCAG-1,RML6_27
CAGCCGGGCCCTCTAT-1,RML6_27
CAGCCTCCTGCAGAGG-1,RML6_27
CAGCCTCTCCTCAAGA-1,RML6_27
CAGCTCACTGAGACAT-1,RML6_27
CAGCTCGACAAGTTAA-1,RML6_27
CAGCTCGTGCTTGTGT-1,RML6_27
CAGCTTAGTAGGTAGC-1,RML6_27
CAGGAAGACTTTATAT-1,RML6_27
CAGGATATATCGTTGT-1,RML6_27
CAGGATCCGCCCGACC-1,RML6_27
CAGGCCGTTTGGGTGT-1,RML6_27
CAGTAACTATTTATTG-1,RML6_27
CAGTACATTCTCTAAA-1,RML6_27
CAGTAGATGATGTCCG-1,RML6_27
CAGTAGCCCACGCGGT-1,RML6_27
CAGTAGCGAGGTAGTA-1,RML6_27
CAGTCGAGGATGCAAT-1,RML6_27
CAGTCTCTCGGCTAAT-1,RML6_27
CAGTCTGTATACTGGG-1,RML6_27
CAGTGAATAAATGACT-1,RML6_27
CAGTGGTTGCACATGA-1,RML6_27
CAGTGTCCGCAGAATG-1,RML6_27
CAGTTCAAATTGACAC-1,RML6_27
CAGTTCCGCGGGTCGA-1,RML6_27
CATAACGGACAGTCGT-1,RML6_27
CATAATGAGCGGGCGA-1,RML6_27
CATACAAAGCCGAACC-1,RML6_27
CATACCCGTACCCAGT-1,RML6_27
CATACGGCGTCTGGGC-1,RML6_27
CATACGGGTGCATGAT-1,RML6_27
CATACTATGTAATTGT-1,RML6_27
CATAGCCGCCCGGGAT-1,RML6_27
CATAGTACATTGAGAG-1,RML6_27
CATAGTAGCATAGTAG-1,RML6_27
CATAGTCCACAAGAAC-1,RML6_27
CATATACTACTGATAA-1,RML6_27
CATATAGGTACAGTCA-1,RML6_27
CATATTATTTGCCCTA-1,RML6_27
CATCAACACCTACTAA-1,RML6_27
CATCATCTACCCGGAC-1,RML6_27
CATCGAATGGATCTCT-1,RML6_27
CATCGCCCGCGGCCAA-1,RML6_27
CATCGGACGGGTTAAT-1,RML6_27
CATCGTCCGGTTACTA-1,RML6_27
CATCTATCCCGTGTCT-1,RML6_27
CATCTGCAGGATCATT-1,RML6_27
CATCTTACACCACCTC-1,RML6_27
CATGAACCGACATTTG-1,RML6_27
CATGAACCTCTTATCA-1,RML6_27
CATGATGCACAATTCT-1,RML6_27
CATGCACGTGTTACTG-1,RML6_27
CATGCATGGAGACCCT-1,RML6_27
CATGCGACCAGTTTAA-1,RML6_27
CATGCGTTAGACAGAA-1,RML6_27
CATGCTGGCTCCAATT-1,RML6_27
CATGGAAATGGGACCA-1,RML6_27
CATGGCAGGAAGATCG-1,RML6_27
CATGGCTCCCTATGTC-1,RML6_27
CATGGGTCGGGTGTGG-1,RML6_27
CATGGTAAGTAGCGTT-1,RML6_27
CATGGTCTAGATACCG-1,RML6_27
CATTACATAGATTGTG-1,RML6_27
CATTATAACAGGGTCC-1,RML6_27
CATTATGCTTGTTGTG-1,RML6_27
CATTCCCTAAGTACAA-1,RML6_27
CATTGCAAAGCATAAT-1,RML6_27
CATTGCGAAATGGGCG-1,RML6_27
CATTGCGGGTCAATTC-1,RML6_27
CATTTAGCGGACCATG-1,RML6_27
CATTTATCGTTCAAGA-1,RML6_27
CATTTCTAGCAGACTA-1,RML6_27
CCAAACAGAACCCTCG-1,RML6_27
CCAAAGTCCCGCTAAC-1,RML6_27
CCAACGATGCACTGAT-1,RML6_27
CCAACGCTTGCCAGGG-1,RML6_27
CCAAGACTTCTGCGAA-1,RML6_27
CCAAGCGTAACTCGTA-1,RML6_27
CCAAGGAACAGAGAGG-1,RML6_27
CCAAGTTTCTACAGAT-1,RML6_27
CCAATAGTGCCGTCGA-1,RML6_27
CCAATCGGTAGATCGA-1,RML6_27
CCAATGTCACAGCAAG-1,RML6_27
CCAATTACGGGTCGAG-1,RML6_27
CCAATTGAATGTTAAT-1,RML6_27
CCACAATGTACGTCTT-1,RML6_27
CCACACTGAGATATTA-1,RML6_27
CCACAGCTGAAATCAT-1,RML6_27
CCACCCAAGGAAAGTG-1,RML6_27
CCACGAGAAGAGAATC-1,RML6_27
CCACGGTGCCCGGTAG-1,RML6_27
CCACTAAACTGAATCG-1,RML6_27
CCACTGGTGGCTGGTT-1,RML6_27
CCAGAGACAAAGCCGG-1,RML6_27
CCAGATAGTTGAGTGA-1,RML6_27
CCAGCCTGGACCAATA-1,RML6_27
CCAGCTACGCCTCATA-1,RML6_27
CCAGCTGATGGTACTT-1,RML6_27
CCAGCTTCCGCCCGCA-1,RML6_27
CCAGGGACGTGGCCTC-1,RML6_27
CCAGTAGTCTGATCCA-1,RML6_27
CCAGTCTAGACGGCGC-1,RML6_27
CCATAAACAACCCGAC-1,RML6_27
CCATACCTTTACTTGT-1,RML6_27
CCATAGGTTGGCGTGG-1,RML6_27
CCATCCATACCAAGTC-1,RML6_27
CCATCTCACCAGTGAA-1,RML6_27
CCATCTTGTTCACAAT-1,RML6_27
CCATGCCTGTTTAGTA-1,RML6_27
CCATGCTCTGCAGGAA-1,RML6_27
CCATGGCCCTTGTACC-1,RML6_27
CCATTAGCGATAATCC-1,RML6_27
CCATTCCCTGCCCACA-1,RML6_27
CCCAAACATGCTGCTC-1,RML6_27
CCCAACATACGTCGCG-1,RML6_27
CCCAACCACACTAACA-1,RML6_27
CCCAAGAATGCACGGT-1,RML6_27
CCCAAGACAGAGTATG-1,RML6_27
CCCAATTTCACAACTT-1,RML6_27
CCCAGAGGAGGGCGTA-1,RML6_27
CCCAGTTAAGGCGCCG-1,RML6_27
CCCGACCATAGTCCGC-1,RML6_27
CCCGCAGGGCCCAAAG-1,RML6_27
CCCGCGCAATGCACCC-1,RML6_27
CCCGCTAGAGGGTTAA-1,RML6_27
CCCGCTTGCCCTCGTC-1,RML6_27
CCCGGTGGAAGAACCT-1,RML6_27
CCCGTAAGTCTAGGCC-1,RML6_27
CCCGTGGGTTAATTGA-1,RML6_27
CCCTAGTGTCAGGTGT-1,RML6_27
CCCTCAAGCTCTTAGT-1,RML6_27
CCCTCATTCTGGAATT-1,RML6_27
CCCTCGGGAGCCTTGT-1,RML6_27
CCCTGAAATGAGTTGA-1,RML6_27
CCCTGCGCTACGCATA-1,RML6_27
CCCTGGTATGGGCGGC-1,RML6_27
CCCTTCTCGTACGCGA-1,RML6_27
CCGAAGTATATTGTTC-1,RML6_27
CCGACAAAGGGAGTGC-1,RML6_27
CCGACGTAAACACAAC-1,RML6_27
CCGACTCGCATAGTCT-1,RML6_27
CCGAGGGATGTTAGGC-1,RML6_27
CCGATCTCAACCTTAT-1,RML6_27
CCGATTCGAGGGACCC-1,RML6_27
CCGATTGGTCAATGAA-1,RML6_27
CCGCACAAAGACCAAC-1,RML6_27
CCGCACGTGACCTCGG-1,RML6_27
CCGCCACCACAATCCA-1,RML6_27
CCGCCGGTCAACACAC-1,RML6_27
CCGCCTGCGAATTGGT-1,RML6_27
CCGCGGGTACGAAGAA-1,RML6_27
CCGCGTAGGTAAGGGC-1,RML6_27
CCGCTATCAGCACCAG-1,RML6_27
CCGCTGGTGCCATTCA-1,RML6_27
CCGCTTCGCGGTTAAC-1,RML6_27
CCGCTTGCTGACATGG-1,RML6_27
CCGGAATGGTTTCAGT-1,RML6_27
CCGGCGCATATTGGAT-1,RML6_27
CCGGGACCCGCAGAGA-1,RML6_27
CCGGGCGGTCTCGTCA-1,RML6_27
CCGGGCTGCTCCATAC-1,RML6_27
CCGGGTTCGAGGTTAC-1,RML6_27
CCGTAAGTTGGTCCCA-1,RML6_27
CCGTACCCAAGCGCCA-1,RML6_27
CCGTGCCCATGACGGC-1,RML6_27
CCGTGGAACGATCCAA-1,RML6_27
CCGTTACGTTAGAACA-1,RML6_27
CCGTTCCGAATCTCGG-1,RML6_27
CCTAAACAGGGTCCGT-1,RML6_27
CCTAAAGGCTGACGCT-1,RML6_27
CCTAAATTAACGGTTC-1,RML6_27
CCTAACTAAGGCTCTA-1,RML6_27
CCTACGCGACCTTACA-1,RML6_27
CCTACTGCTTACACTT-1,RML6_27
CCTAGGCGTAGCGATC-1,RML6_27
CCTAGTTAGTCGCATG-1,RML6_27
CCTATGGGTTACCGTC-1,RML6_27
CCTCACCTGAGGGAGC-1,RML6_27
CCTCACCTTAGCATCG-1,RML6_27
CCTCATGCAGCTACGA-1,RML6_27
CCTCCCGACAATCCCT-1,RML6_27
CCTCCGACAATTCAAG-1,RML6_27
CCTCGAAGTGGACGGG-1,RML6_27
CCTCGACCCACTGCCT-1,RML6_27
CCTCGCGCGATATAGG-1,RML6_27
CCTCGGACCGGGATAG-1,RML6_27
CCTCGGATGCTACCTG-1,RML6_27
CCTCTAATCTGCCAAG-1,RML6_27
CCTCTCTCCCATCTAG-1,RML6_27
CCTGAACGATATATTC-1,RML6_27
CCTGAATATTTACATA-1,RML6_27
CCTGACAAACTCGCGC-1,RML6_27
CCTGACCACCGATGGT-1,RML6_27
CCTGACGCAACCTTTA-1,RML6_27
CCTGCCCGTTGTCTAG-1,RML6_27
CCTGCGATAGAACTGT-1,RML6_27
CCTGCGTTCTACGCTT-1,RML6_27
CCTGCTATTTGAGAAG-1,RML6_27
CCTGGCTAGACCCGCC-1,RML6_27
CCTGTAAGACATGATA-1,RML6_27
CCTGTACTCACGCCCA-1,RML6_27
CCTGTCACCCGGGCTC-1,RML6_27
CCTGTCGCCCGTAAAT-1,RML6_27
CCTGTGCGGATTGTAA-1,RML6_27
CCTTTCAATGAAGAAA-1,RML6_27
CGAAACATAGATGGCA-1,RML6_27
CGAAACGCAATTCATG-1,RML6_27
CGAACCCGCATGCGTC-1,RML6_27
CGAACGCCCAGTGCCG-1,RML6_27
CGAAGACTGCCCGGGA-1,RML6_27
CGAAGCTATAAATTCA-1,RML6_27
CGAAGTTGCTCTGTGT-1,RML6_27
CGAATTACATGGTGTT-1,RML6_27
CGACAGTTCGCGTTAT-1,RML6_27
CGACATGCGATCTTCT-1,RML6_27
CGACTCAGGATGTTAT-1,RML6_27
CGACTTTGTATAGCCT-1,RML6_27
CGAGACCCTAGAGTGT-1,RML6_27
CGAGAGATGTGAACCT-1,RML6_27
CGAGATGTTGCCTATA-1,RML6_27
CGAGCGTTGATCAGCC-1,RML6_27
CGAGGCCAGGCATTGG-1,RML6_27
CGAGGCTAAATATGGC-1,RML6_27
CGAGGGACTGCGGTCG-1,RML6_27
CGAGTACTAAAGAGGA-1,RML6_27
CGAGTGCTATAGTTCG-1,RML6_27
CGAGTTCTGTCCCACC-1,RML6_27
CGAGTTTATCGGACTG-1,RML6_27
CGATACCTCGCGGACA-1,RML6_27
CGATATTAGCCGCAGG-1,RML6_27
CGATCCGACCCAGTGC-1,RML6_27
CGATGGACCCTACGCC-1,RML6_27
CGCAAACACGAGTTAC-1,RML6_27
CGCAATCGATCATTAG-1,RML6_27
CGCAATTACTTTCGGT-1,RML6_27
CGCAATTAGGGTAATA-1,RML6_27
CGCAATTCTACAATAA-1,RML6_27
CGCACATGTCCACTAC-1,RML6_27
CGCAGAAACATTTGCG-1,RML6_27
CGCAGATCTTCACCCG-1,RML6_27
CGCATCATGGCTTCAG-1,RML6_27
CGCATCCATCAGCCAG-1,RML6_27
CGCATGGTGCGATGCT-1,RML6_27
CGCATTAGCTAATAGG-1,RML6_27
CGCCAAGAAGCCGAGT-1,RML6_27
CGCCACCCGCATTAAC-1,RML6_27
CGCCATCCGATTATGA-1,RML6_27
CGCCCGCTTCCGTACA-1,RML6_27
CGCCCTTACATCCACC-1,RML6_27
CGCCCTTGAAGGCTGA-1,RML6_27
CGCCGCCCATGCCTGT-1,RML6_27
CGCCTCCCTCCTCTAT-1,RML6_27
CGCCTGGCCTACGTAA-1,RML6_27
CGCGACACTGCGCAGC-1,RML6_27
CGCGAGAGGGACTTGT-1,RML6_27
CGCGCAAGGAACTACA-1,RML6_27
CGCGCCCGACTTAATA-1,RML6_27
CGCGGCAGTATTACGG-1,RML6_27
CGCGGGAATTAGGCAG-1,RML6_27
CGCGGTCACAAACCAA-1,RML6_27
CGCGTCATATTAAACC-1,RML6_27
CGCGTGCTATCAACGA-1,RML6_27
CGCGTTCATGAAATAC-1,RML6_27
CGCTACCGCCCTATGA-1,RML6_27
CGCTACGGGACATTTA-1,RML6_27
CGCTATACCGCCCACT-1,RML6_27
CGCTATTCTTAGGCTC-1,RML6_27
CGCTCGACATAATGAT-1,RML6_27
CGCTCTCCGTAGATTA-1,RML6_27
CGCTGAGGACGTCCAA-1,RML6_27
CGCTGTGACGCCGCAC-1,RML6_27
CGCTTATTCCCGGTCG-1,RML6_27
CGCTTTCATACCGGTG-1,RML6_27
CGCTTTCTTGCATTCG-1,RML6_27
CGGAAAGCAAATGTGC-1,RML6_27
CGGAAATTTCACATCC-1,RML6_27
CGGAACGTAAACATAG-1,RML6_27
CGGAGCATGGCGATCC-1,RML6_27
CGGAGCTTATAACACC-1,RML6_27
CGGAGTCCTAACCTGG-1,RML6_27
CGGAGTTTGAGAGACA-1,RML6_27
CGGATAAGCGGACATG-1,RML6_27
CGGCACCGTTAGCGCC-1,RML6_27
CGGCACTCAAGAAAGT-1,RML6_27
CGGCAGGGTCGGGTTG-1,RML6_27
CGGCCACGCACAAAGT-1,RML6_27
CGGCCCAACCTGTAGT-1,RML6_27
CGGCTCTTCGTCGAAC-1,RML6_27
CGGCTGCAAGATTAAG-1,RML6_27
CGGCTTTGTATGATAA-1,RML6_27
CGGGAATTTATGTAAA-1,RML6_27
CGGGAGTATACCGCCG-1,RML6_27
CGGGATCAATGTAAGA-1,RML6_27
CGGGCAGCTAAACCGC-1,RML6_27
CGGGCCATAGCCGCAC-1,RML6_27
CGGGCCTTCTTTGTAA-1,RML6_27
CGGGTGTACCCATTTA-1,RML6_27
CGGTAGAGGTGCAGGT-1,RML6_27
CGGTATAGGTATTAGC-1,RML6_27
CGGTCAAGTGGGAACC-1,RML6_27
CGGTCTATCAACCCGT-1,RML6_27
CGGTGAAGACTAAAGT-1,RML6_27
CGGTGCAGATAGAACG-1,RML6_27
CGGTGGGCTCCAGCCT-1,RML6_27
CGGTTATCCAACAGTG-1,RML6_27
CGGTTCAAGTAGGTGT-1,RML6_27
CGGTTCCGGCTTCTTG-1,RML6_27
CGGTTGACCTGGCATA-1,RML6_27
CGGTTGGGTTCAAGTT-1,RML6_27
CGTAATAATTACGAGT-1,RML6_27
CGTACCTGATAGGCCT-1,RML6_27
CGTAGCGAATTGTCAG-1,RML6_27
CGTAGCGCCGACGTTG-1,RML6_27
CGTATTAAGAGATCTA-1,RML6_27
CGTCAAGGCTATAAAT-1,RML6_27
CGTCACGTCCATTGGT-1,RML6_27
CGTCAGCTATTTACTC-1,RML6_27
CGTCAGTGCGCACAAG-1,RML6_27
CGTCAGTTTATCGTCT-1,RML6_27
CGTCGGATAGTGTTGA-1,RML6_27
CGTCTGGAAGGGCCCG-1,RML6_27
CGTGAAGTTAATTCAC-1,RML6_27
CGTGACATTGGGTCGT-1,RML6_27
CGTGCAGACTGGGACA-1,RML6_27
CGTGCATTGTCGACGC-1,RML6_27
CGTGCCCGACATTTGT-1,RML6_27
CGTGCCCTCCCGAAGA-1,RML6_27
CGTGCTGGCCTAGTCG-1,RML6_27
CGTGTCCCATTCGCGA-1,RML6_27
CGTTAGCTCACAACTG-1,RML6_27
CGTTCTTCGCACACCT-1,RML6_27
CGTTGAGCGACCGTCG-1,RML6_27
CGTTGAGTAATTGCGT-1,RML6_27
CGTTGTAAACGTCAGG-1,RML6_27
CGTTGTAAGATTGATT-1,RML6_27
CGTTGTTTCAATTCCC-1,RML6_27
CGTTTAAGCGGAGCAC-1,RML6_27
CGTTTCACTTCGGGCG-1,RML6_27
CGTTTCGCTCATTACA-1,RML6_27
CTAAACGGGTGTAATC-1,RML6_27
CTAAAGAATGCCTACT-1,RML6_27
CTAAAGGGAAATAGGA-1,RML6_27
CTAAATCCTATTCCGG-1,RML6_27
CTAACCGCGCGCCCGT-1,RML6_27
CTAACGAAACTTGCTG-1,RML6_27
CTAAGGGAATGATTGG-1,RML6_27
CTAAGTACAGGGCTAC-1,RML6_27
CTAATGCGCCCAACAA-1,RML6_27
CTAATTCGCACGCGCT-1,RML6_27
CTAATTCTCAGATATT-1,RML6_27
CTAATTTCAACAACAC-1,RML6_27
CTACACTAGCTTGTTC-1,RML6_27
CTACCCTAAGGTCATA-1,RML6_27
CTACGAACTAGGTCGA-1,RML6_27
CTACGACTAGCTATAA-1,RML6_27
CTACGCACGGAGTACC-1,RML6_27
CTACGCCATTTCCGAT-1,RML6_27
CTACTATCTTTCAGAG-1,RML6_27
CTACTCTAGGCCCGGC-1,RML6_27
CTAGACTGCATTTCGT-1,RML6_27
CTAGATAAACTCCTCG-1,RML6_27
CTAGATGTGAGTGTAA-1,RML6_27
CTAGATTTACGACGGC-1,RML6_27
CTAGCAACTAATTTAC-1,RML6_27
CTAGCATAGTATAATG-1,RML6_27
CTAGCCGATGTTATGA-1,RML6_27
CTAGGCGGCAGAGAAT-1,RML6_27
CTAGGTCTGAAGGAAT-1,RML6_27
CTAGTATTCGGAATTA-1,RML6_27
CTAGTCACGTCTTAAG-1,RML6_27
CTAGTGAAGGACAGGA-1,RML6_27
CTAGTTGGGCCCGGTA-1,RML6_27
CTATAAGAGCCAATCG-1,RML6_27
CTATCGGGTCTCAACA-1,RML6_27
CTATGTCACTAGCCCA-1,RML6_27
CTATGTCTATTGAAAC-1,RML6_27
CTATTGTGTTTGGTCA-1,RML6_27
CTATTTGGTTACGGAT-1,RML6_27
CTCAAGACATTAGCGC-1,RML6_27
CTCACTTGGCTGGTAA-1,RML6_27
CTCAGTCACGACAAAT-1,RML6_27
CTCATGGCTCACAATC-1,RML6_27
CTCATTCGTGAACATC-1,RML6_27
CTCATTTGATGGGCGG-1,RML6_27
CTCCGCCCACATGAGG-1,RML6_27
CTCCGGCCTAATATGC-1,RML6_27
CTCCTAAGTTATGTCT-1,RML6_27
CTCCTTTACGCAAGTC-1,RML6_27
CTCGAATGGAACGTAT-1,RML6_27
CTCGAGGTCGAACAGT-1,RML6_27
CTCGATATTTGCGAGC-1,RML6_27
CTCGCACCTATATAGT-1,RML6_27
CTCGGGCATCGTCGGG-1,RML6_27
CTCGGTACCACTGCTC-1,RML6_27
CTCGGTCCGTAGCCTG-1,RML6_27
CTCGTTTCTAATGTTT-1,RML6_27
CTCTAATGCATTGATC-1,RML6_27
CTCTATTTGGCTGCAG-1,RML6_27
CTCTCACAATCGATGA-1,RML6_27
CTCTCGATGTGCGCCT-1,RML6_27
CTCTCGCTGTACTATG-1,RML6_27
CTCTGCGAAGCAAGCA-1,RML6_27
CTCTGGACGCCTGGTG-1,RML6_27
CTCTGTGCCTGCTATG-1,RML6_27
CTCTGTTTGAGGATTC-1,RML6_27
CTGAATCCGAGACCTC-1,RML6_27
CTGAATTTATTGCCAG-1,RML6_27
CTGACTGCGCAGCTCG-1,RML6_27
CTGAGCAAGTAACAAG-1,RML6_27
CTGATAGTGTATCTCA-1,RML6_27
CTGCAAATGGGCTCCA-1,RML6_27
CTGCACCTAGTCCACA-1,RML6_27
CTGCACCTGGAACCGC-1,RML6_27
CTGCAGGTGCTCGGCC-1,RML6_27
CTGCCAAGGTTGGAAG-1,RML6_27
CTGCCATGCATCACAT-1,RML6_27
CTGCCCACGAAGCGTT-1,RML6_27
CTGCCTAGCCACCAAG-1,RML6_27
CTGCGGGTGAAATGTT-1,RML6_27
CTGCGGTAGTCACGTG-1,RML6_27
CTGCGTTACGATATAA-1,RML6_27
CTGGAAATGGATGCTT-1,RML6_27
CTGGATTTACACTTGA-1,RML6_27
CTGGCGACATAAGTCC-1,RML6_27
CTGGCGCACAGGTCTG-1,RML6_27
CTGGCTCCTGCGGGAT-1,RML6_27
CTGGCTGCTAACGTAA-1,RML6_27
CTGGGATAAATAATGG-1,RML6_27
CTGGGATCGCCCAGAT-1,RML6_27
CTGGGCACTAGTCGGA-1,RML6_27
CTGGGCCTGCTATATC-1,RML6_27
CTGGGCGGCCAAATGT-1,RML6_27
CTGGGTAGGCAGTTAA-1,RML6_27
CTGGTAACACATAGAA-1,RML6_27
CTGGTAACGAGCTCTT-1,RML6_27
CTGGTCATTCCAATCC-1,RML6_27
CTGGTCCTAACTTGGC-1,RML6_27
CTGGTTCAACGCATCA-1,RML6_27
CTGTACTTCTTAGCAT-1,RML6_27
CTGTATGGTGTAGAAA-1,RML6_27
CTGTCAAATGGCTCGG-1,RML6_27
CTGTCACGCCAGGCGC-1,RML6_27
CTGTGCAGGGTAGGTC-1,RML6_27
CTGTTACCCAATCTAG-1,RML6_27
CTGTTCATCTCACGGG-1,RML6_27
CTGTTGGCTCTTCTGA-1,RML6_27
CTTAAATAAGACCCAT-1,RML6_27
CTTAACTTCGAAGTAC-1,RML6_27
CTTACACGGTATTCCA-1,RML6_27
CTTACACTGGGAAATA-1,RML6_27
CTTAGCCCGGATAGTG-1,RML6_27
CTTAGCCTTCCACATG-1,RML6_27
CTTAGTAGGCCTACAG-1,RML6_27
CTTATGTTGACTACCA-1,RML6_27
CTTCATTGTCAGTGGA-1,RML6_27
CTTCCTGCATATTTAC-1,RML6_27
CTTCGTAGATAGGTGA-1,RML6_27
CTTCTTACGTCGTATA-1,RML6_27
CTTGACCCGAAAGATA-1,RML6_27
CTTGAGGTTATCCCGA-1,RML6_27
CTTGAGTTAGGGTAAT-1,RML6_27
CTTGCAACCGCCTCCT-1,RML6_27
CTTGCCCAGGCTCTAC-1,RML6_27
CTTGTCGTACGTGTCA-1,RML6_27
CTTGTGAGTCTTTGAC-1,RML6_27
CTTGTGCTCACCGATT-1,RML6_27
CTTGTTGCTGAGTCAA-1,RML6_27
CTTTAACTTTCAAAGG-1,RML6_27
CTTTAGGAACACTGTT-1,RML6_27
CTTTAGTGCTATTATT-1,RML6_27
CTTTGAAACATATTCC-1,RML6_27
CTTTGGCGCTTTATAC-1,RML6_27
CTTTGGCTTTAGTAAA-1,RML6_27
GAAACAGATGACCACC-1,RML6_27
GAAACAGCCATGCAGT-1,RML6_27
GAAACCATGGTGCGCT-1,RML6_27
GAAACCGAATTACCTT-1,RML6_27
GAAACTCGTGCGATGC-1,RML6_27
GAAAGCCCTTTGGACC-1,RML6_27
GAAATACCTGCTGGCT-1,RML6_27
GAAATACTAAACGTTT-1,RML6_27
GAAATATCACCATCAG-1,RML6_27
GAAATCTGACCAAGTT-1,RML6_27
GAAATGGCGGTGTTAG-1,RML6_27
GAAATGGGATGTAAAC-1,RML6_27
GAAATTAGCACGGATA-1,RML6_27
GAAATTCACATCGCTG-1,RML6_27
GAAATTGTCTCTATAA-1,RML6_27
GAACCATCTGGGAGAC-1,RML6_27
GAACGACCGAATGATA-1,RML6_27
GAACGTCTCATGGTCG-1,RML6_27
GAACGTTAGGAAGACG-1,RML6_27
GAACTTAGCGCCCGGT-1,RML6_27
GAAGAACGGTGCAGGT-1,RML6_27
GAAGCAAGGCAATGTT-1,RML6_27
GAAGCCGGGTAAGCTC-1,RML6_27
GAAGCGTGAGGAATTT-1,RML6_27
GAAGCTCTTTGCTTAG-1,RML6_27
GAAGCTTGCTGACCGC-1,RML6_27
GAAGTCTCCCTAGCGA-1,RML6_27
GAAGTGATTTATCGTG-1,RML6_27
GAAGTGCTGGATAGCT-1,RML6_27
GAAGTTTCCACTCAAT-1,RML6_27
GAATATTCGGAGTCCC-1,RML6_27
GAATCGACATGGTCAC-1,RML6_27
GAATCGCCGGACACGG-1,RML6_27
GAATCTATACTCGGAC-1,RML6_27
GAATCTGAACATTCTC-1,RML6_27
GAATGCCGAAATGACC-1,RML6_27
GAATGTATGGCAGGTC-1,RML6_27
GAATGTGGTCCGGATT-1,RML6_27
GAATGTTGGGTAATCT-1,RML6_27
GAATTATAGTGAAAGG-1,RML6_27
GAATTCACCCGGGTGT-1,RML6_27
GAATTTCTCGCTGCAG-1,RML6_27
GACAACGACCATTGAA-1,RML6_27
GACAACGCAGCTTACG-1,RML6_27
GACACAAGGGAAGAAA-1,RML6_27
GACACGAGTTAGAGGA-1,RML6_27
GACACTGAGTTCAGTG-1,RML6_27
GACAGCCAGACCTGAC-1,RML6_27
GACAGGCACACACTAT-1,RML6_27
GACATACTGTCGCAGA-1,RML6_27
GACCAGAGCCCTGTAG-1,RML6_27
GACCAGGTCATTCATA-1,RML6_27
GACCCGTCGCCGGCTA-1,RML6_27
GACCGACTGAAGCGTC-1,RML6_27
GACCGTCAGGTCGTGA-1,RML6_27
GACCGTGCTGACGGTG-1,RML6_27
GACGCCTGTTGCAGGG-1,RML6_27
GACGCTTGCTTCTAAA-1,RML6_27
GACGGGATGTCTTATG-1,RML6_27
GACGGTCAATAGAAGC-1,RML6_27
GACGTGAGACTCCATG-1,RML6_27
GACGTTCGTAAATACA-1,RML6_27
GACTAACACAGCACCT-1,RML6_27
GACTAAGTAGGCTCAC-1,RML6_27
GACTACAATTGCTCGT-1,RML6_27
GACTCCCAGAATAAGG-1,RML6_27
GACTCGCGGGAATGAC-1,RML6_27
GACTGCGGCACGTGTA-1,RML6_27
GACTGGGCGCCGCAAC-1,RML6_27
GAGAATCTCACGATCA-1,RML6_27
GAGACTGATGGGTAGA-1,RML6_27
GAGAGCGCAGTCCCTG-1,RML6_27
GAGAGGGCGCGAGGTT-1,RML6_27
GAGAGGTGCATTCTGG-1,RML6_27
GAGATCTGCTTGGCAT-1,RML6_27
GAGATCTGTCACTCCG-1,RML6_27
GAGATCTTCCATGACA-1,RML6_27
GAGCATCATCCCTGGG-1,RML6_27
GAGCCACGGTAGTAGG-1,RML6_27
GAGCCGAGCGTTTATT-1,RML6_27
GAGCGAGGGAGTACCG-1,RML6_27
GAGCTAAGGGCATATC-1,RML6_27
GAGCTGTCGTCTCGGA-1,RML6_27
GAGGAATGGAGAGGTT-1,RML6_27
GAGGAGTAATTCCTAC-1,RML6_27
GAGGCTATCAAAGTCG-1,RML6_27
GAGGGCATCGCGTATC-1,RML6_27
GAGGGCGCAGCTCTGC-1,RML6_27
GAGGTACATCCATCTT-1,RML6_27
GAGGTCTTAGTGGGTC-1,RML6_27
GAGTACGGGTATACAA-1,RML6_27
GAGTATGCCCGCCTTG-1,RML6_27
GAGTCCGCTTACCGGA-1,RML6_27
GAGTCGACAGACCCTC-1,RML6_27
GATAAATCGGTGGATG-1,RML6_27
GATAACTCGCACTGTG-1,RML6_27
GATAAGGCAGATGCAA-1,RML6_27
GATACGATGGGAGTCA-1,RML6_27
GATAGGTAACGTTGAC-1,RML6_27
GATATCTCATGCAATA-1,RML6_27
GATATGAGACACTAAC-1,RML6_27
GATATGCGGTAGCCAA-1,RML6_27
GATATGGATTACGCGG-1,RML6_27
GATATTGAGATTGGCG-1,RML6_27
GATATTTCCTACATGG-1,RML6_27
GATCATTCCAAACATT-1,RML6_27
GATCCCTTTATACTGC-1,RML6_27
GATCCGGGAATTAACA-1,RML6_27
GATCCTAAATCGGGAC-1,RML6_27
GATCCTCTTGCGCTTA-1,RML6_27
GATCGACACTATCTGA-1,RML6_27
GATCGCGGGCTCTCCA-1,RML6_27
GATCGGCGATAAGTCG-1,RML6_27
GATCGGTGGCCATAAC-1,RML6_27
GATCGTGACTGATATC-1,RML6_27
GATCTTCATTGTCCTC-1,RML6_27
GATCTTGGAGGGCATA-1,RML6_27
GATCTTTGCAGGGTAT-1,RML6_27
GATGATTTGAAACTGG-1,RML6_27
GATGCCACACTACAGC-1,RML6_27
GATGCCAGCAGAAGGC-1,RML6_27
GATGCGAATGGTATTA-1,RML6_27
GATGCGTCCTGCATTC-1,RML6_27
GATGCTACAAGCGCCT-1,RML6_27
GATGCTGTATTTCATC-1,RML6_27
GATGGTGCCCTAGGCA-1,RML6_27
GATGTCCGGATCACAT-1,RML6_27
GATGTCGGTCAACTGC-1,RML6_27
GATGTGTTGTCACAAG-1,RML6_27
GATGTTCAATCCACGA-1,RML6_27
GATGTTTGTGCGAGAT-1,RML6_27
GATTAATCCTGGCTCA-1,RML6_27
GATTACTGAATTTGGG-1,RML6_27
GATTCCCTTGTCGCAG-1,RML6_27
GATTCCTATACGGCGC-1,RML6_27
GATTCGACGGTTCACG-1,RML6_27
GCAAATATTACGCTTT-1,RML6_27
GCAACCACCAGACCGG-1,RML6_27
GCAACCACGGCCGCGT-1,RML6_27
GCAACCCAAGTTGTTT-1,RML6_27
GCAAGAATTCCTTGGC-1,RML6_27
GCAAGTGCACAGAGAA-1,RML6_27
GCACAAGTGGATCATA-1,RML6_27
GCACAAGTGTCGGAAG-1,RML6_27
GCACACGCCCATGGTC-1,RML6_27
GCACTAGTCGCGCTAT-1,RML6_27
GCACTCCCACAGTCCC-1,RML6_27
GCACTGTGCAAATGTA-1,RML6_27
GCAGATCCTCGCAAAT-1,RML6_27
GCAGATTAGGGATATC-1,RML6_27
GCAGCACACAGCCCAG-1,RML6_27
GCAGCGGTGGGCATTA-1,RML6_27
GCAGGACTATAGAATA-1,RML6_27
GCAGGTAGAGTATGGT-1,RML6_27
GCATAGAGCACTCAGG-1,RML6_27
GCATCCCTAACTTTGA-1,RML6_27
GCATGAGGGACGCGGC-1,RML6_27
GCATTCAAGGCAACGC-1,RML6_27
GCATTCGAAATGAACA-1,RML6_27
GCATTGTAATTCATAT-1,RML6_27
GCATTTCCAAGGCTCC-1,RML6_27
GCCAACCATTTCCGGA-1,RML6_27
GCCAATAGGGCATCTC-1,RML6_27
GCCACAATTTAAGGAC-1,RML6_27
GCCACCCATTCCACTT-1,RML6_27
GCCAGGAGTAACCGAT-1,RML6_27
GCCAGGCGTTCGCATG-1,RML6_27
GCCATATTGCACACAG-1,RML6_27
GCCATCGATGCTGCAT-1,RML6_27
GCCCACCAAGGCTGTC-1,RML6_27
GCCCAGTTGGTATGCC-1,RML6_27
GCCCATGGGTGCAATG-1,RML6_27
GCCCGTAATACCTTCT-1,RML6_27
GCCGAAATTCCTACGT-1,RML6_27
GCCGATTGGCCAAGCT-1,RML6_27
GCCGCATTAGTCCGGC-1,RML6_27
GCCGCTAGATACGCAG-1,RML6_27
GCCGCTTGTGAGAAAC-1,RML6_27
GCCGGAAACACATCTT-1,RML6_27
GCCGGGTTAGGGTCGC-1,RML6_27
GCCGGTTTGGGCGGAT-1,RML6_27
GCCTAGCGATCTGACC-1,RML6_27
GCCTATAGTGTCAGGG-1,RML6_27
GCCTATTCCGATATAG-1,RML6_27
GCCTATTTGCTACACA-1,RML6_27
GCCTTCAGCCCTACCG-1,RML6_27
GCGAAACTTAACTGGA-1,RML6_27
GCGAAGCCATACCCGT-1,RML6_27
GCGACGATAGTTGTAC-1,RML6_27
GCGAGAGTTGCGTCCA-1,RML6_27
GCGAGGCCCGAGCAGA-1,RML6_27
GCGAGTTCTGCAAAGA-1,RML6_27
GCGATGTCTGTGCTTG-1,RML6_27
GCGATTCTGGAAGCAG-1,RML6_27
GCGATTGTTAACGTTA-1,RML6_27
GCGCATCCAGTCAGCA-1,RML6_27
GCGCCGTTCCACGATA-1,RML6_27
GCGCGATGGGTCAAGT-1,RML6_27
GCGCTAAGTATGCATG-1,RML6_27
GCGCTAATTGAATAGA-1,RML6_27
GCGCTATGCCGAGGCA-1,RML6_27
GCGCTGATCCAGACTC-1,RML6_27
GCGCTGCTTTGCATTT-1,RML6_27
GCGCTGGCGGAAAGTC-1,RML6_27
GCGGCTCTGACGTACC-1,RML6_27
GCGGGAACCAGGCCCT-1,RML6_27
GCGGTCCCTAGACGCA-1,RML6_27
GCGGTGAACTGCGCTC-1,RML6_27
GCGGTGCGGAGCATCG-1,RML6_27
GCGGTTCCCTATCATG-1,RML6_27
GCGTAAATGGCCATAA-1,RML6_27
GCGTCCAGCTCGTGGC-1,RML6_27
GCGTCGAAATGTCGGT-1,RML6_27
GCGTCTCTGCATTGGG-1,RML6_27
GCGTGGTACTGGGTTA-1,RML6_27
GCGTGTATGTCGTATT-1,RML6_27
GCGTTATATTTGGAAC-1,RML6_27
GCGTTCGGAGACCGGG-1,RML6_27
GCTAAACCTGAGGTGA-1,RML6_27
GCTAAGTAAAGGCGAT-1,RML6_27
GCTAAGTAGTTTCTCT-1,RML6_27
GCTAATACCGAATGCC-1,RML6_27
GCTACACTGTCCGAAC-1,RML6_27
GCTACGACTTATTGGG-1,RML6_27
GCTAGCAGGGAGTGGG-1,RML6_27
GCTAGTAGAGCTTGTA-1,RML6_27
GCTCAACCTCTTAGAG-1,RML6_27
GCTCATTACTGCATGT-1,RML6_27
GCTCCGGACGTTGATA-1,RML6_27
GCTCGCGGTTCCGCTC-1,RML6_27
GCTCGGAATTTAAAGC-1,RML6_27
GCTCTAAACCCTGACG-1,RML6_27
GCTCTCGGGTACCGAA-1,RML6_27
GCTGAGCAACGGTTCT-1,RML6_27
GCTGAGGCGTGAGTAT-1,RML6_27
GCTGCACGGTTTCTTA-1,RML6_27
GCTGCGCCTCCCACGT-1,RML6_27
GCTGCTCTCCGGACAC-1,RML6_27
GCTGGACCCAAAGTGG-1,RML6_27
GCTGGCAGGTGCCGTG-1,RML6_27
GCTGGCATATTCACCT-1,RML6_27
GCTGTATTACTGGCCC-1,RML6_27
GCTGTCTGTGATCGAC-1,RML6_27
GCTGTTGCTACCGAAC-1,RML6_27
GCTTAATGTAACTAAC-1,RML6_27
GCTTATGAAGCAGGAA-1,RML6_27
GCTTCCAGCTTAGATT-1,RML6_27
GCTTCCGTCCCTAGAC-1,RML6_27
GCTTGATGATAATCAG-1,RML6_27
GCTTGGATCGATTAGG-1,RML6_27
GCTTTCAGAGGAGGTG-1,RML6_27
GGAAACCTTGTTGAAT-1,RML6_27
GGAAAGTGCCCATGCC-1,RML6_27
GGAACCCGAACAAGAA-1,RML6_27
GGAACCGTGTAAATTG-1,RML6_27
GGAACGGCCTGCAGCC-1,RML6_27
GGAAGCTCGCTTACAG-1,RML6_27
GGAATAACCTCAAGAA-1,RML6_27
GGAATGCGCTAGCGTG-1,RML6_27
GGACAAGTTGCAGTGA-1,RML6_27
GGACGGCTTGCGCAAC-1,RML6_27
GGACTAAGTCAGGAGT-1,RML6_27
GGAGAAGTCATTGGCA-1,RML6_27
GGAGACGACACCTTTG-1,RML6_27
GGAGCACCAAGAACTA-1,RML6_27
GGAGGATTGAAAGGAG-1,RML6_27
GGAGGCGAAGAACCGC-1,RML6_27
GGAGGGCTTGGTTGGC-1,RML6_27
GGAGTACACATGAGCT-1,RML6_27
GGAGTGCCGCCCTGGA-1,RML6_27
GGATACTCATGAATTG-1,RML6_27
GGATCAAAGGACGAGG-1,RML6_27
GGATCATCCCGTACGC-1,RML6_27
GGATCCGGAATATACT-1,RML6_27
GGATGACGCGAGTTTA-1,RML6_27
GGATGCTGGCGTTCCT-1,RML6_27
GGATGTCCTTACCGCA-1,RML6_27
GGATTAAGCTAAGGTC-1,RML6_27
GGATTCCGCTATACCC-1,RML6_27
GGATTTCACTTCTATA-1,RML6_27
GGCAAATTACTTTACT-1,RML6_27
GGCAAGGCGAAATAGC-1,RML6_27
GGCAATAGTCAATGAG-1,RML6_27
GGCACTCCACTGGGCA-1,RML6_27
GGCAGCGGTAATCCTA-1,RML6_27
GGCATACAGGTAGCGG-1,RML6_27
GGCATATCGGTTCTGC-1,RML6_27
GGCATCAACGAGCACG-1,RML6_27
GGCCACAAGCGATGGC-1,RML6_27
GGCCACACGAAAGCCT-1,RML6_27
GGCCCTCACCCACTTA-1,RML6_27
GGCGCAGGACATCTTC-1,RML6_27
GGCGCATGAATTGATG-1,RML6_27
GGCGCGTTCGAGTTTA-1,RML6_27
GGCGGAGTAATATTAG-1,RML6_27
GGCGGTAGGATCATTG-1,RML6_27
GGCGGTTTGCCGGTGC-1,RML6_27
GGCGTACCCTATATAA-1,RML6_27
GGCGTCCTATCCGCTG-1,RML6_27
GGCTAAAGGGCGGGTC-1,RML6_27
GGCTATTAAGTTGTAT-1,RML6_27
GGCTCGCGTTGAGGTA-1,RML6_27
GGCTCTGCTCCAACGC-1,RML6_27
GGCTGGCAGCTTTATG-1,RML6_27
GGCTGGCTAGCTTAAA-1,RML6_27
GGCTTGGCTCTCACCT-1,RML6_27
GGGAACCACCTGTTTC-1,RML6_27
GGGAACGGGAGGTTAG-1,RML6_27
GGGAATGAGCCCTCAC-1,RML6_27
GGGAATTCTGTCCAGT-1,RML6_27
GGGACTGCATAGATAG-1,RML6_27
GGGAGAACTCACAGTA-1,RML6_27
GGGAGGATGCCCGAAA-1,RML6_27
GGGAGTAATGGCTGGC-1,RML6_27
GGGAGTTAATGAGGCG-1,RML6_27
GGGATACGGTAATAAT-1,RML6_27
GGGATGGTCGTAACCG-1,RML6_27
GGGATTATCTCACAAC-1,RML6_27
GGGCACGAATTGGCCG-1,RML6_27
GGGCCCGTCTTAAACA-1,RML6_27
GGGCCCTACGAAAGGG-1,RML6_27
GGGCCGGCCGAAGTAC-1,RML6_27
GGGCGAATTTCTCCAC-1,RML6_27
GGGCGATATGTGTGAA-1,RML6_27
GGGCGGCAAATGAATT-1,RML6_27
GGGCGGGTTCCCTACG-1,RML6_27
GGGCGGTCCTATTGTC-1,RML6_27
GGGCGTACATTTATAT-1,RML6_27
GGGCGTCACCACGTAA-1,RML6_27
GGGCGTCCACTGGCTC-1,RML6_27
GGGCTCATCGAACCCA-1,RML6_27
GGGCTGCCTAGGGCGA-1,RML6_27
GGGCTGGTTAGTCGCG-1,RML6_27
GGGTACCCACGGTCCT-1,RML6_27
GGGTACTTCATGAACT-1,RML6_27
GGGTATGTATGCACTT-1,RML6_27
GGGTCACCGTGACGGT-1,RML6_27
GGGTCATGCGTACCAT-1,RML6_27
GGGTCGTGGCAAGTGT-1,RML6_27
GGGTGACACCTTAACT-1,RML6_27
GGGTGCATATGAAAGC-1,RML6_27
GGGTGGTCCAGCCTGT-1,RML6_27
GGGTGTTTCAGCTATG-1,RML6_27
GGTAAATGTGCGTTAC-1,RML6_27
GGTAACTATGTATCTG-1,RML6_27
GGTACAAACATGCTAT-1,RML6_27
GGTACATCTGGGACGA-1,RML6_27
GGTACCATTAAGACGG-1,RML6_27
GGTAGTGCTCGCACCA-1,RML6_27
GGTATCAAGCATAGAA-1,RML6_27
GGTATTGCCGAGTTTA-1,RML6_27
GGTCACGTTAGATTCA-1,RML6_27
GGTCAGTGGGTCCCAC-1,RML6_27
GGTCCCATAACATAGA-1,RML6_27
GGTCGGATAAACGGCG-1,RML6_27
GGTCGGCCAGGAGCTT-1,RML6_27
GGTCGGTAATTAGACA-1,RML6_27
GGTCTGAGAATCTGGA-1,RML6_27
GGTGAAACCGGGAATG-1,RML6_27
GGTGAACGGGCTAGCC-1,RML6_27
GGTGAAGTACAGGGAT-1,RML6_27
GGTGAGATGCAGATAA-1,RML6_27
GGTGATAAGGAGCAGT-1,RML6_27
GGTGATTTCATCTTGT-1,RML6_27
GGTGCGGATAAGTGGC-1,RML6_27
GGTGCTGATCACAAAG-1,RML6_27
GGTGCTGGTACACATT-1,RML6_27
GGTGTTCTGTTTCTAC-1,RML6_27
GGTTACCACCCTCGGG-1,RML6_27
GGTTAGGCTTGGAGAA-1,RML6_27
GGTTAGTTACGGCGCC-1,RML6_27
GGTTCCACCCGCTTCT-1,RML6_27
GGTTGTATCGTGAAAT-1,RML6_27
GGTTGTGCTCTTGTCC-1,RML6_27
GGTTGTGTAGCCTGGC-1,RML6_27
GGTTTAATTGAGCAGG-1,RML6_27
GGTTTACAATCTCAAT-1,RML6_27
GGTTTCAATCGGTCAG-1,RML6_27
GGTTTGAGTGCTGGAA-1,RML6_27
GTAACTTGCGGCAGTC-1,RML6_27
GTAAGCGGGCAGTCAG-1,RML6_27
GTAAGGATTTGTCGGA-1,RML6_27
GTAAGTAACAGTCTGG-1,RML6_27
GTAAGTAGGGTATACC-1,RML6_27
GTAATAAAGGGCTCCC-1,RML6_27
GTACACTTACCTGAAG-1,RML6_27
GTACAGAGGCAAGGGT-1,RML6_27
GTACGACGGCGCTGCG-1,RML6_27
GTACGCTTCATTGCAC-1,RML6_27
GTACGTTTGCCCGTCA-1,RML6_27
GTACTAAGATTTGGAG-1,RML6_27
GTACTCCCTTATCGCT-1,RML6_27
GTACTCCTGGGTATGC-1,RML6_27
GTACTGAGGTCGTAAC-1,RML6_27
GTACTGCATGAAGCGT-1,RML6_27
GTACTGGAGTTAGACC-1,RML6_27
GTAGAAACGGGTGGAG-1,RML6_27
GTAGACAACCGATGAA-1,RML6_27
GTAGACGTCGTTACAT-1,RML6_27
GTAGCGCTGTTGTAGT-1,RML6_27
GTAGCGGCTATACACT-1,RML6_27
GTAGCTAGTAAGCGCG-1,RML6_27
GTAGCTTCCTCTTGTT-1,RML6_27
GTAGGTGATCCGTGTA-1,RML6_27
GTATAGTGGCCCATGT-1,RML6_27
GTATATGTTACGGCGG-1,RML6_27
GTATCAGCTTGGGTTC-1,RML6_27
GTATCTCCCTAACTGT-1,RML6_27
GTATCTTGTTGCTCAC-1,RML6_27
GTATCTTTCATAACCA-1,RML6_27
GTATGACGTGGGAAAC-1,RML6_27
GTATGTGGGTCTAGTT-1,RML6_27
GTATTAAGGCGTCTAA-1,RML6_27
GTCAAAGTTTACATAG-1,RML6_27
GTCAAGCGGACTCGGG-1,RML6_27
GTCAATTGTACTGAAG-1,RML6_27
GTCACAAAGTTTCCAA-1,RML6_27
GTCACCTGTCTATGTC-1,RML6_27
GTCACTCTCCAAATCT-1,RML6_27
GTCAGAATAGTCTATG-1,RML6_27
GTCAGTTGTGCTCGTT-1,RML6_27
GTCAGTTTGGTAGTCG-1,RML6_27
GTCATGCACCTCCGTT-1,RML6_27
GTCATGGACATGACTA-1,RML6_27
GTCATTAGAGCGAACG-1,RML6_27
GTCATTGCATTGACCC-1,RML6_27
GTCCCAACGTAAAGTA-1,RML6_27
GTCCGAGAGCAATCAT-1,RML6_27
GTCCGGCTGAATTGCG-1,RML6_27
GTCCTATTGTTGTGGT-1,RML6_27
GTCCTTCTACAACCCA-1,RML6_27
GTCCTTCTAGTGGGTT-1,RML6_27
GTCGCGTAACCCGTTG-1,RML6_27
GTCGGATATCTCAGAC-1,RML6_27
GTCGGATGTAGCGCGC-1,RML6_27
GTCGTACCATCTCGGG-1,RML6_27
GTCGTATTGGCGTACA-1,RML6_27
GTCGTCAATTATAAGG-1,RML6_27
GTCGTGTCTGGTCATC-1,RML6_27
GTCGTTATTCGCTTAT-1,RML6_27
GTCTACTCAATTACAA-1,RML6_27
GTCTATCTGAGTTTCT-1,RML6_27
GTCTCGACTAAGTTTG-1,RML6_27
GTCTCGATCTGCTTTC-1,RML6_27
GTCTCGCCAACACGCC-1,RML6_27
GTCTGGGCGGTCGAGA-1,RML6_27
GTCTTAGTACAGCCGG-1,RML6_27
GTGAAACGGCGCCACC-1,RML6_27
GTGAAACGTGCTCCAC-1,RML6_27
GTGAACTCCCATTCGA-1,RML6_27
GTGAAGATTTCAAGTG-1,RML6_27
GTGAAGCCGTATAGTC-1,RML6_27
GTGACCGCACACTACG-1,RML6_27
GTGACTTCAGTAGTGC-1,RML6_27
GTGAGCGTGCTGCACT-1,RML6_27
GTGAGGACACTTAAGG-1,RML6_27
GTGAGGAGCGGTTGAG-1,RML6_27
GTGAGTCTAAGACGGA-1,RML6_27
GTGATCATAGATCTGC-1,RML6_27
GTGATGCACAACATCT-1,RML6_27
GTGCAACAAATGTGGC-1,RML6_27
GTGCACGAAAGTGACT-1,RML6_27
GTGCCATCACACGGTG-1,RML6_27
GTGCCCGTTCGGATTC-1,RML6_27
GTGCCGCTTCAAAGGT-1,RML6_27
GTGCCTCAGTGTACGG-1,RML6_27
GTGCGAAATCGAACAC-1,RML6_27
GTGCGACAGGGAGTGT-1,RML6_27
GTGCGCAGCTTGCTCC-1,RML6_27
GTGCGCTTACAAATGA-1,RML6_27
GTGCGGGACCATCGGC-1,RML6_27
GTGCGGGTCTCCAAAT-1,RML6_27
GTGCGTGTATATGAGC-1,RML6_27
GTGCTCAAGTACTGTC-1,RML6_27
GTGGAACCTACATGCG-1,RML6_27
GTGGACCAACCCGATT-1,RML6_27
GTGGACGTGCTGAGAC-1,RML6_27
GTGGCGGGCCGTAGCT-1,RML6_27
GTGGCGGTCCCAGCGT-1,RML6_27
GTGGCGTGCACCAGAG-1,RML6_27
GTGGGCTTAGACACAC-1,RML6_27
GTGGGTCTTCTTTGCG-1,RML6_27
GTGGTCAGCGAAGTAT-1,RML6_27
GTGGTGGCCAAGTGAA-1,RML6_27
GTGGTTACTTCTTTCG-1,RML6_27
GTGGTTTCCGCCTTTC-1,RML6_27
GTGTACCTTGGCTACG-1,RML6_27
GTGTATGACTTTAAAG-1,RML6_27
GTGTCCGATAAGGCAT-1,RML6_27
GTGTGAATAACTTAGG-1,RML6_27
GTGTGAGCCGAGGTGC-1,RML6_27
GTGTGTCGACGTCGCT-1,RML6_27
GTGTTACTATGCGTCC-1,RML6_27
GTTAATGTCTATCTTA-1,RML6_27
GTTACAATTGGTGACG-1,RML6_27
GTTACCTACAACTTGC-1,RML6_27
GTTACGAAATCCACGC-1,RML6_27
GTTACGGCCCGACTGC-1,RML6_27
GTTACTTTGGGCCTAG-1,RML6_27
GTTAGAGTGTGCCGCT-1,RML6_27
GTTAGCCGTAAATCAA-1,RML6_27
GTTATATCAGGAGCCA-1,RML6_27
GTTATATTATCTCCCT-1,RML6_27
GTTATCACCTTCTGAA-1,RML6_27
GTTATTAAATACGACC-1,RML6_27
GTTATTAACGTGGGAG-1,RML6_27
GTTCAAATCAGATGTC-1,RML6_27
GTTCAATCTATGTCAA-1,RML6_27
GTTCACAGGAGTCTAG-1,RML6_27
GTTCATCGTTTGGCTG-1,RML6_27
GTTCCAAGACAGCGAC-1,RML6_27
GTTCCAGTCTGACCAT-1,RML6_27
GTTCGCCATAAGTGCC-1,RML6_27
GTTCGGGCGTACCATT-1,RML6_27
GTTCGTTGCGGACCAG-1,RML6_27
GTTCTTCCCTCGATGT-1,RML6_27
GTTGAACCGGTTCCAT-1,RML6_27
GTTGCACGGAGTTTCG-1,RML6_27
GTTGGATTCAGTGGCT-1,RML6_27
GTTGGATTGAGAACAC-1,RML6_27
GTTGGATTTGCGTTGG-1,RML6_27
GTTGTCGTGTTAGTTG-1,RML6_27
GTTTACGTTCCATCTG-1,RML6_27
GTTTATGGGATTTAGA-1,RML6_27
GTTTCATATCGTCGCT-1,RML6_27
GTTTCCTGGAGGGTGA-1,RML6_27
GTTTCTGCAGTCTCCC-1,RML6_27
GTTTGACCAAATCCTA-1,RML6_27
GTTTGAGCGGTTATGT-1,RML6_27
GTTTGGCCCAAGTTAT-1,RML6_27
GTTTGGCCGCTCAGCG-1,RML6_27
TAAACGTCGTCAATGA-1,RML6_27
TAAAGAGCCCGAAACC-1,RML6_27
TAAAGCGTTAGGAGAA-1,RML6_27
TAAAGCTGCAATAGGG-1,RML6_27
TAAAGGAGAAACTAGT-1,RML6_27
TAAATGAATCCGTTTC-1,RML6_27
TAACAAAGGGAGAAGC-1,RML6_27
TAACAATATTTGTTGC-1,RML6_27
TAACATACAATGTGGG-1,RML6_27
TAACCGCCCGCAGTGC-1,RML6_27
TAACCTACCGTCCGAG-1,RML6_27
TAACGCTTTGAGAGCG-1,RML6_27
TAACTATCGAAGGTCC-1,RML6_27
TAACTATTACGCCAAA-1,RML6_27
TAACTCATCCGCGCGG-1,RML6_27
TAAGATTTAGCGGGAG-1,RML6_27
TAAGCAGGCGACACGC-1,RML6_27
TAAGGAACTTGTGGGA-1,RML6_27
TAAGGCAACATAAGAT-1,RML6_27
TAAGGGCTGGGAGAGG-1,RML6_27
TAAGTAAATGTGCCGC-1,RML6_27
TAAGTAACATCTTGAC-1,RML6_27
TAATAAACAAGGAGAT-1,RML6_27
TAATAGTGACGACCAG-1,RML6_27
TAATATTGAAATTCGC-1,RML6_27
TAATCGATCCGTACGT-1,RML6_27
TAATGAAAGACCCTTG-1,RML6_27
TAATTAGATGGATATG-1,RML6_27
TAATTGGAATCGGGAA-1,RML6_27
TACAAATTGCGGAGGT-1,RML6_27
TACAACGCACAACTCA-1,RML6_27
TACAAGCTGTTCACTG-1,RML6_27
TACAAGTCTCGTGCAT-1,RML6_27
TACAATGAAACCAGCA-1,RML6_27
TACACCGTCGTTAGTC-1,RML6_27
TACATAGGCATACACC-1,RML6_27
TACATCTTGTTTCTTG-1,RML6_27
TACATGACCTTATCCG-1,RML6_27
TACATTTCTAACGTGC-1,RML6_27
TACCAGAAGTAGGTTC-1,RML6_27
TACCAGCTAGGTTTAA-1,RML6_27
TACCGCGGACTTGCAG-1,RML6_27
TACCGGCTCACTGCCC-1,RML6_27
TACCGGTCGTTTCCAT-1,RML6_27
TACCTCACGCTTGTAC-1,RML6_27
TACCTGCTGCACTGTG-1,RML6_27
TACGAACACGACTTCA-1,RML6_27
TACGACGCTTGCTGCG-1,RML6_27
TACGACTGCCTCTTAG-1,RML6_27
TACGAGAACTTCACGT-1,RML6_27
TACGATGTTGATCATC-1,RML6_27
TACGCAGTTCTTTCCT-1,RML6_27
TACGCCATATTCTAAT-1,RML6_27
TACGCTATAGAAACCT-1,RML6_27
TACGGGATGCTAGCAG-1,RML6_27
TACGTGCACTATGCTG-1,RML6_27
TACGTTTACCGGCAAT-1,RML6_27
TACTCACAACGTAGTA-1,RML6_27
TACTCGGCACGCCGGG-1,RML6_27
TACTCTCCGAACAAAT-1,RML6_27
TACTGCAATCAATTAC-1,RML6_27
TACTGGACAGCTCGGC-1,RML6_27
TACTTGTTAGTAGTCC-1,RML6_27
TACTTTACTGAGCCGG-1,RML6_27
TAGAAACACAATAGTG-1,RML6_27
TAGAAACCACTAAGTA-1,RML6_27
TAGAAAGGTGGCGCTA-1,RML6_27
TAGAACGCCAGTAACG-1,RML6_27
TAGAATTAAGGGCAAC-1,RML6_27
TAGACGCCCGTACCGG-1,RML6_27
TAGAGCTACGAAGAAC-1,RML6_27
TAGAGTCTAAGCGAAC-1,RML6_27
TAGATATGGACTGGAA-1,RML6_27
TAGATCCGAAGTCGCA-1,RML6_27
TAGATTCCTGGTTATT-1,RML6_27
TAGCCGGCGGTCAGCG-1,RML6_27
TAGCGTTGGGTCTTAC-1,RML6_27
TAGCTAAGTCCGGGAG-1,RML6_27
TAGGAACAGCCTCCAG-1,RML6_27
TAGGCATGTTACGCCA-1,RML6_27
TAGGGAGCTTGGGATG-1,RML6_27
TAGGTCCAAGTAAGGA-1,RML6_27
TAGGTCGCCGGAACTG-1,RML6_27
TAGGTGAGCCCTACTC-1,RML6_27
TAGGTGCTCGCCTAGC-1,RML6_27
TAGGTTCGAGTTCGTC-1,RML6_27
TAGTCCGCAGAGAATG-1,RML6_27
TAGTCTAACAACGAGA-1,RML6_27
TAGTCTGTGACGTTGC-1,RML6_27
TAGTGAGAAGTGGTTG-1,RML6_27
TAGTGCCCTCCAGAGT-1,RML6_27
TAGTGGAACTCATACA-1,RML6_27
TAGTGTCAGAAACGGC-1,RML6_27
TAGTTAAGATAGGATA-1,RML6_27
TAGTTTATTCTTGCTT-1,RML6_27
TATAAATCCACAAGCT-1,RML6_27
TATAAGTGAGGATAGC-1,RML6_27
TATACTCATGCGGCAA-1,RML6_27
TATAGGGTACTCATGA-1,RML6_27
TATATCATTGATCAGT-1,RML6_27
TATATCCCTGGGAGGA-1,RML6_27
TATATGCTGGGTTGCC-1,RML6_27
TATATTACAAATGTCG-1,RML6_27
TATATTCGCGTCGATA-1,RML6_27
TATCAAAGGTCTGTAA-1,RML6_27
TATCACAGCACGGGCA-1,RML6_27
TATCACCATGTAAAGT-1,RML6_27
TATCACCCAACCGACC-1,RML6_27
TATCACTTCGAGTAAC-1,RML6_27
TATCCATATCATGCGA-1,RML6_27
TATCCTGCATGGGAAT-1,RML6_27
TATCGATCTATGCATA-1,RML6_27
TATCGATGATTAAACG-1,RML6_27
TATCTACAGAGGTAAT-1,RML6_27
TATCTACCACAGCGGG-1,RML6_27
TATCTAGCCTAAAGGA-1,RML6_27
TATGAAGACAGGTGCG-1,RML6_27
TATGATAAATCTAACG-1,RML6_27
TATGATCCGGCACGCC-1,RML6_27
TATGATTCTGCTTGGT-1,RML6_27
TATGCTCCCTACTTAC-1,RML6_27
TATGGAGTTTCTCGTT-1,RML6_27
TATGGATGTGCTACGC-1,RML6_27
TATGGCCCGGCCTCGC-1,RML6_27
TATGGGACCGAGCAGG-1,RML6_27
TATGGGTACGTATCGT-1,RML6_27
TATGGTCTGAGTAACA-1,RML6_27
TATGTCAAGACCGACT-1,RML6_27
TATGTCTCATTGTGCC-1,RML6_27
TATTACCATCCTGCTT-1,RML6_27
TATTCAATTCTAATCC-1,RML6_27
TATTCCACTCAGCTCG-1,RML6_27
TATTCGTGCCAGAATA-1,RML6_27
TATTTAGTCTAGATCG-1,RML6_27
TATTTATACCGAGTAG-1,RML6_27
TATTTGTTACCCTTTA-1,RML6_27
TCAAACAACCGCGTCG-1,RML6_27
TCAAACTTAGATTGTT-1,RML6_27
TCAACACATTGGGTAA-1,RML6_27
TCAACCATGTTCGGGC-1,RML6_27
TCAACGAGGAGACAAA-1,RML6_27
TCAACGCGACCGGCAG-1,RML6_27
TCAACTAACGTATAAC-1,RML6_27
TCAAGAAATACTAGCT-1,RML6_27
TCAATACAATTGCTGC-1,RML6_27
TCACAGGTTATTGGGC-1,RML6_27
TCACATCTTATCTGAT-1,RML6_27
TCACCCTCTTAAGATT-1,RML6_27
TCACCGCTCGGCACTC-1,RML6_27
TCACGCATTGTAGATC-1,RML6_27
TCACGGTCATCGCACA-1,RML6_27
TCACGTGCCCGATTCA-1,RML6_27
TCACTACGACCAATGC-1,RML6_27
TCACTATCGTGCAATC-1,RML6_27
TCACTCAGCGCATTAG-1,RML6_27
TCACTCGTGCAACGGC-1,RML6_27
TCACTCTTCGTCTGTC-1,RML6_27
TCAGAACCTCCACAGG-1,RML6_27
TCAGCAAATGCATCTC-1,RML6_27
TCAGGGCGACTTCCTT-1,RML6_27
TCAGGGCGCAAACTCG-1,RML6_27
TCAGGGTGCACGAAAC-1,RML6_27
TCAGGGTGTAACGTAA-1,RML6_27
TCAGGTTCTTTGAGAA-1,RML6_27
TCAGTACTGACCCGCG-1,RML6_27
TCAGTAGGGACTATAA-1,RML6_27
TCAGTTACGGAATGAT-1,RML6_27
TCATCCCAGAGGGTGG-1,RML6_27
TCATGCAGGTTCTCAT-1,RML6_27
TCATTTAAGTCTCCGA-1,RML6_27
TCCAACTTTAAATTCT-1,RML6_27
TCCACAATGGTTTACG-1,RML6_27
TCCACTTTATCTAGGT-1,RML6_27
TCCAGAGCACCGGTTC-1,RML6_27
TCCAGATGTACGCCAA-1,RML6_27
TCCAGGCGAGTACGGT-1,RML6_27
TCCATTAGTTGGATAG-1,RML6_27
TCCATTGTGACCTCGT-1,RML6_27
TCCCAAACAGACAACG-1,RML6_27
TCCCAAAGACGAAGGA-1,RML6_27
TCCCACGGAGGGAGCT-1,RML6_27
TCCCACTCTCTTCCGG-1,RML6_27
TCCCAGCTTTAGTCTG-1,RML6_27
TCCCAGGCTTAGCTAA-1,RML6_27
TCCCGGGTGTGCTGCT-1,RML6_27
TCCCGGTCAGGAATTT-1,RML6_27
TCCCGTCAGTCCCGCA-1,RML6_27
TCCCGTCGCGTCATAG-1,RML6_27
TCCCGTGTGCAATTTG-1,RML6_27
TCCCTAGATCAATAGG-1,RML6_27
TCCCTCCGAAATCGTT-1,RML6_27
TCCCTGGCTCGCTGGA-1,RML6_27
TCCCTTAGATTACTCG-1,RML6_27
TCCGAACTTGGCTTAC-1,RML6_27
TCCGAATGGTCCTGAG-1,RML6_27
TCCGAGAAGGCTAAGC-1,RML6_27
TCCGATGACTGAGCTC-1,RML6_27
TCCGATGGTGCGACAT-1,RML6_27
TCCGATTACATTGCCG-1,RML6_27
TCCGCGGCAGCATCTG-1,RML6_27
TCCGGAGGAAGGGCTG-1,RML6_27
TCCGGCCTAGCGTACA-1,RML6_27
TCCGGCCTGCATCGAT-1,RML6_27
TCCGTAACCACAATCC-1,RML6_27
TCCGTTTAGCCTTGAA-1,RML6_27
TCCTAGCAAAGAAGCT-1,RML6_27
TCCTCGGGCTGGGCTT-1,RML6_27
TCCTCTCCAGTTGTCC-1,RML6_27
TCCTCTGGCCCATTAG-1,RML6_27
TCCTGCCAACTGGAGA-1,RML6_27
TCCTGCGTTGATACTC-1,RML6_27
TCCTTCAGTGGTCGAA-1,RML6_27
TCCTTTCTTACGCTTA-1,RML6_27
TCGAAATTTAGGACCA-1,RML6_27
TCGAGACCAACACCGT-1,RML6_27
TCGATAGGCTAGTCGC-1,RML6_27
TCGCACTAACGTTTGT-1,RML6_27
TCGCATTCAATGACTT-1,RML6_27
TCGCCGAAGTTGCGTC-1,RML6_27
TCGCCGGAGAGTCTTA-1,RML6_27
TCGCCGGATGGGCAAG-1,RML6_27
TCGCCGGTCGATCCGT-1,RML6_27
TCGCGTCCAGAAGGTC-1,RML6_27
TCGCTAAACCGCTATC-1,RML6_27
TCGCTCGATATATTCC-1,RML6_27
TCGCTCGGCACCAGCG-1,RML6_27
TCGCTGGGCGGATTGT-1,RML6_27
TCGCTGTGCGTAAATC-1,RML6_27
TCGCTTTAAACGTTTG-1,RML6_27
TCGGAATGACCATCAA-1,RML6_27
TCGGAATGCGCTCTGA-1,RML6_27
TCGGACGCCCAGCCCA-1,RML6_27
TCGGAGTACATGAGTA-1,RML6_27
TCGGCTAACTTCCCTT-1,RML6_27
TCGGGAACGTGCCTAG-1,RML6_27
TCGGGCACTTCTGGAT-1,RML6_27
TCGGGCCGTCGTGGTA-1,RML6_27
TCGGGTGAAACTGCTA-1,RML6_27
TCGGTCCCTGACTCCA-1,RML6_27
TCGGTTAGCCATGTAG-1,RML6_27
TCGTAAGACGACATTG-1,RML6_27
TCGTAAGCTCCGAGGA-1,RML6_27
TCGTATAGTGCAATTA-1,RML6_27
TCGTATTACCCATTGC-1,RML6_27
TCGTATTTCGTCCGGA-1,RML6_27
TCGTCACACTGTTAGC-1,RML6_27
TCGTCCGCTGGCGTCT-1,RML6_27
TCGTTCGTTATTATGT-1,RML6_27
TCGTTGACAGGGTCCC-1,RML6_27
TCGTTGGCTCGTCAAT-1,RML6_27
TCTAACTGTATGTAAA-1,RML6_27
TCTACACGTTCATGCA-1,RML6_27
TCTACCGTCCACAAGC-1,RML6_27
TCTAGCATCTTCGATG-1,RML6_27
TCTAGCATGCCCAGAA-1,RML6_27
TCTAGGTGGCGACGCT-1,RML6_27
TCTAGTTATCAGAAGA-1,RML6_27
TCTATCGGTCGCAACA-1,RML6_27
TCTATTACGCTGGCGA-1,RML6_27
TCTCCAACGTAGGTTA-1,RML6_27
TCTCGAACGAGGTCAC-1,RML6_27
TCTCGGCTCCAGGACT-1,RML6_27
TCTCTAATAGCTGGTA-1,RML6_27
TCTGAACCGGTCGGCT-1,RML6_27
TCTGAATTCCGTACAA-1,RML6_27
TCTGCAGATTCGAGTC-1,RML6_27
TCTGCCAGAAACTGCA-1,RML6_27
TCTGCGTCCGGTTTCT-1,RML6_27
TCTGGGTAGCGCTCAT-1,RML6_27
TCTGTCATACAAGAGC-1,RML6_27
TCTGTGCCATCATAGT-1,RML6_27
TCTGTGGCTACATTTC-1,RML6_27
TCTTAACTCGGATGTA-1,RML6_27
TCTTACAGAGGTACCG-1,RML6_27
TCTTACCGGAACTCGT-1,RML6_27
TCTTACGGCATCCGAC-1,RML6_27
TCTTATGGGTAGTACC-1,RML6_27
TCTTCCCATGGGCACA-1,RML6_27
TCTTCGAATAGACGTT-1,RML6_27
TCTTCGATACCAATAA-1,RML6_27
TCTTGATGCGTAGCGA-1,RML6_27
TCTTGGTAACACCAAA-1,RML6_27
TCTTTAAGACTATGAA-1,RML6_27
TCTTTCGGCGGGACAC-1,RML6_27
TCTTTCTCTTAAGGAG-1,RML6_27
TGAAACTTATGCAAGC-1,RML6_27
TGAAAGGACCTGACTC-1,RML6_27
TGAAGAGCGGTCCTAG-1,RML6_27
TGAAGTAGCTTACGGA-1,RML6_27
TGACACTTCTCTTTGC-1,RML6_27
TGACATCGAGCGGACC-1,RML6_27
TGACCAGCTTCAAAGT-1,RML6_27
TGACCCAACTCACATT-1,RML6_27
TGACCCACGTTAGACA-1,RML6_27
TGACCCAGCATTCCCG-1,RML6_27
TGACGATGCACTAGAA-1,RML6_27
TGACTATAATCCTTTC-1,RML6_27
TGAGAATGCTTTACCG-1,RML6_27
TGAGAGATTTACCACG-1,RML6_27
TGAGATCAAATACTCA-1,RML6_27
TGAGATTAGGCCCTAA-1,RML6_27
TGAGCAGTCGTGAAGT-1,RML6_27
TGAGCCATACAGTCTC-1,RML6_27
TGAGCTTTAATGACGC-1,RML6_27
TGAGGTTGATCCCAAG-1,RML6_27
TGAGTAAATTAGCGTA-1,RML6_27
TGAGTGCCTCTTAAAT-1,RML6_27
TGAGTGGTCCGTGACG-1,RML6_27
TGATAGCGGGATTCTA-1,RML6_27
TGATCAGGGAACTGCT-1,RML6_27
TGATCCCAGCATTAGT-1,RML6_27
TGATCGGTTTGACCCT-1,RML6_27
TGATCTACGCTGATCT-1,RML6_27
TGATCTCCGGCGCCAG-1,RML6_27
TGATGGCTGTTTCTGA-1,RML6_27
TGATTCGTCTATCACT-1,RML6_27
TGATTCTGTCGCCGGT-1,RML6_27
TGATTTATTAGCTGTG-1,RML6_27
TGCAAGAATGACGTAA-1,RML6_27
TGCAATTTGGGCACGG-1,RML6_27
TGCACAGTGAAGTTAT-1,RML6_27
TGCACGAGTCGGCAGC-1,RML6_27
TGCACTATGTGAGTGC-1,RML6_27
TGCAGAACTATATCGT-1,RML6_27
TGCAGAGTACCGAGCA-1,RML6_27
TGCAGGATCGGCAAAG-1,RML6_27
TGCAGTTTCCTCCCAT-1,RML6_27
TGCATATGTCTGTCAC-1,RML6_27
TGCATGGCAGTCTTGC-1,RML6_27
TGCATGTGGTAATCTA-1,RML6_27
TGCCATGGCTTATAAG-1,RML6_27
TGCCATTACTAAAGAA-1,RML6_27
TGCCCGTACCGTTAAA-1,RML6_27
TGCCGATGTCATCAAT-1,RML6_27
TGCCTGATCAAACGAT-1,RML6_27
TGCGACACCCTAGTGC-1,RML6_27
TGCGAGCCCTTCCGCG-1,RML6_27
TGCGATGCTAATGGCT-1,RML6_27
TGCGCAAAGCATTTGG-1,RML6_27
TGCGCGATTAACGGAG-1,RML6_27
TGCGGAGTAAAGGTGC-1,RML6_27
TGCGGCATAGTTCAAC-1,RML6_27
TGCGGGTATTGGGATC-1,RML6_27
TGCGGTCTACGAGTAA-1,RML6_27
TGCGGTGAAATTTCAT-1,RML6_27
TGCGTAAGAACCTGAT-1,RML6_27
TGCGTGATTGGGTGTC-1,RML6_27
TGCGTTTGTTGACACT-1,RML6_27
TGCTATACAAACGGAC-1,RML6_27
TGCTCACACAACAACC-1,RML6_27
TGCTGTTGAAGAACTC-1,RML6_27
TGCTTGAAACCATGCA-1,RML6_27
TGGAAACGGAGTGAAC-1,RML6_27
TGGAACCACTGACACA-1,RML6_27
TGGAAGAAGGGAACGT-1,RML6_27
TGGAAGACGAACACCA-1,RML6_27
TGGAAGGATAAAGATG-1,RML6_27
TGGAATATCCTTGACC-1,RML6_27
TGGAATTAGACGCTTT-1,RML6_27
TGGACACCGTTGCTTG-1,RML6_27
TGGACCACGGCGTTGA-1,RML6_27
TGGACTGTTCGCTCAA-1,RML6_27
TGGAGCTAAAGTTCCC-1,RML6_27
TGGAGTGATGCGATGA-1,RML6_27
TGGCAACTCGCGCGCC-1,RML6_27
TGGCACGAGCTCGAGT-1,RML6_27
TGGCAGATTACGATCA-1,RML6_27
TGGCAGCAGTAATAGT-1,RML6_27
TGGCCAAACTGAAGTA-1,RML6_27
TGGCCGTATATTGACC-1,RML6_27
TGGCGGTGTGCGATTG-1,RML6_27
TGGCTTTGGGTAGACA-1,RML6_27
TGGGATGCACTCATTC-1,RML6_27
TGGGCACAAACAGAAC-1,RML6_27
TGGGCACGTTCTATGG-1,RML6_27
TGGGCCACAAGAGCGC-1,RML6_27
TGGGTAAGGTTCCCGC-1,RML6_27
TGGGTTCCCGGACGGA-1,RML6_27
TGGTATCGCATCCCAA-1,RML6_27
TGGTATCGGTCTGTAT-1,RML6_27
TGGTCGTTTGATAGAT-1,RML6_27
TGGTCTAGCTTACATG-1,RML6_27
TGGTCTGTTGGGCGTA-1,RML6_27
TGGTGATCGTATTTGT-1,RML6_27
TGGTTAAGGGCGCTGG-1,RML6_27
TGGTTATGCTTGCGGT-1,RML6_27
TGGTTCGTAGCAAAGG-1,RML6_27
TGGTTGGAGGATCCTG-1,RML6_27
TGGTTTAAACGTGGGT-1,RML6_27
TGTAACTTGTCAACCT-1,RML6_27
TGTAATGACCACAATA-1,RML6_27
TGTAATGCCTTCGGAC-1,RML6_27
TGTACGAACAAATCCG-1,RML6_27
TGTACGCTATCAGCTT-1,RML6_27
TGTACTGTGCCAAAGT-1,RML6_27
TGTAGGAGAAATTTCC-1,RML6_27
TGTAGTGATCTATAAT-1,RML6_27
TGTATAACAGATCCTG-1,RML6_27
TGTATCCTTATTCCAT-1,RML6_27
TGTATTTACCTAATGC-1,RML6_27
TGTCATTTGTTGGGAA-1,RML6_27
TGTCCCGACATAGCAC-1,RML6_27
TGTCCGTGGCGCCTTT-1,RML6_27
TGTCCTAAGTCACCGC-1,RML6_27
TGTCTACAGTTTCTGT-1,RML6_27
TGTGACTACGCCAGTC-1,RML6_27
TGTGATTCCAGCGCTT-1,RML6_27
TGTGCTTTACGTAAGA-1,RML6_27
TGTGGAGGAAGCTTAA-1,RML6_27
TGTGGCAAAGCGTATG-1,RML6_27
TGTGTCGCGAGTTGCA-1,RML6_27
TGTGTTCGTATCCAAG-1,RML6_27
TGTTCATAAATGTGCT-1,RML6_27
TGTTCCGCTTCCATGA-1,RML6_27
TGTTCGTATTGCGGTG-1,RML6_27
TGTTCTTCCATTGACT-1,RML6_27
TGTTGTCAAGAAGTCT-1,RML6_27
TGTTTAATACTTCATC-1,RML6_27
TGTTTCGGTACTTCTC-1,RML6_27
TTAAACAGAGTCCCGC-1,RML6_27
TTAAACCGGTAGCGAC-1,RML6_27
TTAAACCTGGTTCCTT-1,RML6_27
TTAAACTCGAATTCAT-1,RML6_27
TTAACACCTCGAACAT-1,RML6_27
TTAACCAACCCTCCCT-1,RML6_27
TTAACGAACAAGCAGT-1,RML6_27
TTAACGTCGCAAGACC-1,RML6_27
TTAACTCACGCGTGGA-1,RML6_27
TTAAGACGAACGAACC-1,RML6_27
TTAAGCCGACAACTTC-1,RML6_27
TTAAGCGCCTGACCCA-1,RML6_27
TTAAGGATACGGAGGT-1,RML6_27
TTAATCAGTACGTCAG-1,RML6_27
TTAATGCGAGGTAACT-1,RML6_27
TTAATGTAGACCAGGT-1,RML6_27
TTAATTTCAGACGCGG-1,RML6_27
TTACAACTACGCATCC-1,RML6_27
TTACAGACCTAAATGA-1,RML6_27
TTACCATTGATTACCC-1,RML6_27
TTACCCATTGCCGGGT-1,RML6_27
TTACCCTAACAGTCCT-1,RML6_27
TTACCGCCTTAGGGAA-1,RML6_27
TTACGGATGGTTCGAG-1,RML6_27
TTACGGTGTCACCGAG-1,RML6_27
TTACGTAGCGCGTGCT-1,RML6_27
TTACTATCGGCTTCTC-1,RML6_27
TTACTCCGGCCGGGAA-1,RML6_27
TTACTCTGGTACGTAC-1,RML6_27
TTACTGGGATATTTCA-1,RML6_27
TTACTGTTTCTCTACG-1,RML6_27
TTAGACACGATCGTTG-1,RML6_27
TTAGATAGGTCGATAC-1,RML6_27
TTAGCAACATGGATGT-1,RML6_27
TTAGCTAATACGATCT-1,RML6_27
TTAGCTCTGTAATCCG-1,RML6_27
TTAGCTGATTTGCCGT-1,RML6_27
TTAGGTGTGACTGGTC-1,RML6_27
TTAGTAGGGCGGCGGG-1,RML6_27
TTAGTTCAAGTGTTCG-1,RML6_27
TTATAGATGCACATTA-1,RML6_27
TTATAGTCCAAGGTGC-1,RML6_27
TTATATACGCTGTCAC-1,RML6_27
TTATATTTGGCAATCC-1,RML6_27
TTATCCAATCGAACTC-1,RML6_27
TTATCGCCTGCGAAGC-1,RML6_27
TTATCTGTATCATAAC-1,RML6_27
TTATGAATGAAAGGGA-1,RML6_27
TTATGACAAACTGGAT-1,RML6_27
TTATGATCTTAACGAA-1,RML6_27
TTATGCGTCCCGGTCC-1,RML6_27
TTATGTTTGCGATAGA-1,RML6_27
TTATTAGAGCGTGTTC-1,RML6_27
TTATTAGGGAAGCATC-1,RML6_27
TTATTTCATCCCAAAC-1,RML6_27
TTCAAAGTCTCTAGCC-1,RML6_27
TTCAACGACCCGACCG-1,RML6_27
TTCAAGCCGAGCTGAG-1,RML6_27
TTCAATACTCTGAATC-1,RML6_27
TTCAATTAGCCATAAT-1,RML6_27
TTCACGAAAGGATCAC-1,RML6_27
TTCAGTTTGTGGCAGC-1,RML6_27
TTCATAGGGTGTCCAT-1,RML6_27
TTCCAATCAGAGCTAG-1,RML6_27
TTCCAATCTGGCTATC-1,RML6_27
TTCCACATTTCTCGTC-1,RML6_27
TTCCATCATGCGGTGA-1,RML6_27
TTCCCGACGCTTCACT-1,RML6_27
TTCCGCAGAGAAATAT-1,RML6_27
TTCCGCGTGAGGCGAT-1,RML6_27
TTCCTCGAGGGTGTCT-1,RML6_27
TTCCTCTGCCCGAATA-1,RML6_27
TTCCTTTCTGTGTTGC-1,RML6_27
TTCGACGGGAAGGGCG-1,RML6_27
TTCGCACTCGCGTGCT-1,RML6_27
TTCGCATCCGGAAGCA-1,RML6_27
TTCGCTATCTGACGTG-1,RML6_27
TTCGGCAACCCGCTGA-1,RML6_27
TTCGGGACTAATCGCG-1,RML6_27
TTCGTAATCCCAGCGG-1,RML6_27
TTCGTACTCCAGAACG-1,RML6_27
TTCGTTCAACGAAGTT-1,RML6_27
TTCTAACCGAAGCTTA-1,RML6_27
TTCTACCTTTATGTTG-1,RML6_27
TTCTACTTGCGAGGGC-1,RML6_27
TTCTAGGCCAATTGTG-1,RML6_27
TTCTGCGAGCGCCCTT-1,RML6_27
TTCTGCGGGTTAGCGG-1,RML6_27
TTCTGCTAGACTCCAA-1,RML6_27
TTCTGTTTCCTGTCGC-1,RML6_27
TTCTTAGTGGCTCAGA-1,RML6_27
TTCTTCCCTTTGATAT-1,RML6_27
TTCTTCGCAATAGAGC-1,RML6_27
TTCTTGAGCCGCGCTA-1,RML6_27
TTCTTGGAGTAATGAG-1,RML6_27
TTCTTGTAACCTAATG-1,RML6_27
TTCTTGTGTCCATCAG-1,RML6_27
TTCTTTGGTCGCGACG-1,RML6_27
TTGAAAGGTGTAAAGG-1,RML6_27
TTGAAGAATTCCCAGG-1,RML6_27
TTGAATATGGACTTTC-1,RML6_27
TTGACATGAACGTGGA-1,RML6_27
TTGACCATGTTCTCCG-1,RML6_27
TTGACGATTCAGCACG-1,RML6_27
TTGACTACCATATGGT-1,RML6_27
TTGAGAGTACTGCTAA-1,RML6_27
TTGAGGCATTTAACTC-1,RML6_27
TTGATAGTCAATACAT-1,RML6_27
TTGATCTAACTTTGTC-1,RML6_27
TTGATGTGTAGTCCCG-1,RML6_27
TTGATTATGCAGATGA-1,RML6_27
TTGCACAATTCAGAAA-1,RML6_27
TTGCAGGTCATGAAGT-1,RML6_27
TTGCATGCTGATCACG-1,RML6_27
TTGCCCTGATCACGGG-1,RML6_27
TTGCCGGTGATCCCTC-1,RML6_27
TTGCGCTCTCTCGCTT-1,RML6_27
TTGCGGCGACTCATGC-1,RML6_27
TTGCGTAGTTTGAGGA-1,RML6_27
TTGCGTGAACGCTTAG-1,RML6_27
TTGCTAGCTACCAATC-1,RML6_27
TTGCTCCCATACCGGA-1,RML6_27
TTGCTGAAGGAACCAC-1,RML6_27
TTGCTGATCATGTTCG-1,RML6_27
TTGCTGCACCTATCCA-1,RML6_27
TTGCTGGCCGGGCTTC-1,RML6_27
TTGGACATGTGGCTTA-1,RML6_27
TTGGAGTCTCCCTTCT-1,RML6_27
TTGGATATCGTCTACG-1,RML6_27
TTGGATCGACTTCTGG-1,RML6_27
TTGGATTGGGTACCAC-1,RML6_27
TTGGCCTAGAATTTCG-1,RML6_27
TTGGCTCGCATGAGAC-1,RML6_27
TTGGGACACTGCCCGC-1,RML6_27
TTGGGCGGCGGTTGCC-1,RML6_27
TTGGTCACACTCGTAA-1,RML6_27
TTGTAAGGCCAGTTGG-1,RML6_27
TTGTAATCCGTACTCG-1,RML6_27
TTGTATCACACAGAAT-1,RML6_27
TTGTCGTTCAGTTACC-1,RML6_27
TTGTGGCCCTGACAGT-1,RML6_27
TTGTTAGCAAATTCGA-1,RML6_27
TTGTTCAGTGTGCTAC-1,RML6_27
TTGTTCTAGATACGCT-1,RML6_27
TTGTTGTGTGTCAAGA-1,RML6_27
TTGTTTGTGTAAATTC-1,RML6_27
