"Barcode","Brain.Regions"
"AAACAAGTATCTCCCA-1","Cortex"
"AAACAGAGCGACTCCT-1","Cortex"
"AAACAGCTTTCAGAAG-1","Hypothalamus"
"AAACAGGGTCTATATT-1","Hypothalamus"
"AAACCCGAACGAAATC-1","Cortex"
"AAACCGGGTAGGTACC-1","Hypothalamus"
"AAACCGTTCGTCCAGG-1","Thalamus"
"AAACCTCATGAAGTTG-1","Hypothalamus"
"AAACGAAGAACATACC-1","Cortex"
"AAACGAGACGGTTGAT-1","Fiber_tracts"
"AAACTCGTGATATAAG-1","Cortex"
"AAACTGCTGGCTCCAA-1","Thalamus"
"AAACTTGCAAACGTAT-1","Hypothalamus"
"AAAGACCCAAGTCGCG-1","Cortex"
"AAAGGCTCTCGCGCCG-1","Thalamus"
"AAAGGGATGTAGCAAG-1","Thalamus"
"AAAGGGCAGCTTGAAT-1","Amygdala"
"AAAGTAGCATTGCTCA-1","Hypothalamus"
"AAAGTCACTGATGTAA-1","Cortex"
"AAAGTCGACCCTCAGT-1","Hypothalamus"
"AAAGTGTGATTTATCT-1","Hippocampus"
"AAAGTTGACTCCCGTA-1","Hippocampus"
"AAATAACCATACGGGA-1","Cortex"
"AAATAAGGTAGTGCCC-1","Cortex"
"AAATACCTATAAGCAT-1","Thalamus"
"AAATAGCTTAGACTTT-1","Cortex"
"AAATAGGGTGCTATTG-1","Hippocampus"
"AAATCGTGTACCACAA-1","Thalamus"
"AAATCTAGCCCTGCTA-1","Cortex"
"AAATGATTCGATCAGC-1","Cortex"
"AAATGCTCGTTACGTT-1","Amygdala"
"AAATGGCATGTCTTGT-1","Cortex"
"AAATGGCCCGTGCCCT-1","Hypothalamus"
"AAATGGTCAATGTGCC-1","Fiber_tracts"
"AAATTAACGGGTAGCT-1","Thalamus"
"AAATTACACGACTCTG-1","Cortex"
"AAATTACCTATCGATG-1","Cortex"
"AAATTCCAGGTCCAAA-1","Cortex"
"AAATTTACCGAAATCC-1","Cortex"
"AAATTTGCGGGTGTGG-1","Hypothalamus"
"AACAACTGGTAGTTGC-1","Amygdala"
"AACAATTACTCTACGC-1","Amygdala"
"AACACACGCTCGCCGC-1","Hippocampus"
"AACACGACTGTACTGA-1","Cortex"
"AACACGAGACGCGGCC-1","Hypothalamus"
"AACACGCGGCCGCGAA-1","Cortex"
"AACAGGAAATCGAATA-1","Fiber_tracts"
"AACAGGATGGGCCGCG-1","Amygdala"
"AACAGGTAGTATGGAT-1","Cortex"
"AACATATCAACTGGTG-1","Cortex"
"AACCAAGACTTCTCTG-1","Hypothalamus"
"AACCAGTATCACTCTT-1","Cortex"
"AACCATGGGATCGCTA-1","Amygdala"
"AACCCAGAGACGGAGA-1","Amygdala"
"AACCCGAGCAGAATCG-1","Cortex"
"AACCCTACTGTCAATA-1","Hippocampus"
"AACCCTGGTGGAACCA-1","Cortex"
"AACCGAGCTTGGTCAT-1","Thalamus"
"AACCGCTAAGGGATGC-1","Hippocampus"
"AACCGTTGTGTTTGCT-1","Cortex"
"AACCTGTCACGGAATT-1","Cortex"
"AACCTTTAAATACGGT-1","Thalamus"
"AACCTTTACGACGTCT-1","Cortex"
"AACGATAATGCCGTAG-1","Thalamus"
"AACGATAGAAGGGCCG-1","Amygdala"
"AACGATATGTCAACTG-1","Caudoputamen"
"AACGCATGATCTGGGT-1","Cortex"
"AACGCGGTCTCCAGCC-1","Thalamus"
"AACGCTGTTGCTGAAA-1","Fiber_tracts"
"AACGGACGTACGTATA-1","Hippocampus"
"AACGGCCATCTCCGGT-1","Thalamus"
"AACGTACTGTGGGTAC-1","Thalamus"
"AACGTCAGACTAGTGG-1","Amygdala"
"AACGTGATGAAGGACA-1","Cortex"
"AACGTGCGAAAGTCTC-1","Thalamus"
"AACTACCCGTTTGTCA-1","Cortex"
"AACTAGGCTTGGGTGT-1","Thalamus"
"AACTCAAGTTAATTGC-1","Hypothalamus"
"AACTCCTAATCCCATG-1","Cortex"
"AACTCGATGGCGCAGT-1","Cortex"
"AACTCTCAATAGAGCG-1","Fiber_tracts"
"AACTCTCAGTGTGCTC-1","Thalamus"
"AACTGATATTAGGCCT-1","Caudoputamen"
"AACTGGGTCCCGACGT-1","Caudoputamen"
"AACTGGTGTGGGCCTT-1","Cortex"
"AACTTCTGCGTCTATC-1","Amygdala"
"AACTTGCCCGTATGCA-1","Amygdala"
"AACTTGCGTTCTCGCG-1","Amygdala"
"AACTTTAGCTGCTGAG-1","Cortex"
"AAGAAGGATCAGTTAG-1","Cortex"
"AAGACTGCAAGCTACT-1","Thalamus"
"AAGAGATGAATCGGTA-1","Amygdala"
"AAGAGCTCTTTATCGG-1","Thalamus"
"AAGAGGATGTACGCGA-1","Hypothalamus"
"AAGAGGCATGGATCGC-1","Fiber_tracts"
"AAGAGGCCCTTTGGAA-1","Cortex"
"AAGATTGGCGGAACGT-1","Fiber_tracts"
"AAGCATACTCTCCTGA-1","Thalamus"
"AAGCCGAAGCGGTTTA-1","Cortex"
"AAGCGGCGTCATGGGT-1","Cortex"
"AAGCTAGATCGAGTAA-1","Thalamus"
"AAGCTCGTGCCAAGTC-1","Thalamus"
"AAGCTCTTTCATGGTG-1","Hippocampus"
"AAGGAGCGGTTGGTGC-1","Fiber_tracts"
"AAGGATCGATCGCTTG-1","Cortex"
"AAGGATGAGGGACCTC-1","Caudoputamen"
"AAGGCAGGCTGTCTCC-1","Cortex"
"AAGGCGCGTAAAGCTT-1","Amygdala"
"AAGGCTGTGCTCATCG-1","Thalamus"
"AAGGGACAGATTCTGT-1","Fiber_tracts"
"AAGGTATCCTAATATA-1","Caudoputamen"
"AAGGTGATAAACCAGC-1","Hippocampus"
"AAGTAGAAGACCGGGT-1","Amygdala"
"AAGTAGTGACGCGAGG-1","Hypothalamus"
"AAGTCAATTGTCGTCA-1","Fiber_tracts"
"AAGTGACGACCGAATT-1","Hypothalamus"
"AAGTGCCTTGACTGTA-1","Cortex"
"AAGTGCGTTAGAATCT-1","Hypothalamus"
"AAGTGTTTGGAGACGG-1","Hippocampus"
"AAGTTCACTCCAAGCT-1","Hippocampus"
"AAGTTCAGTCTGCGTA-1","Cortex"
"AAGTTCGGCCAACAGG-1","Hypothalamus"
"AAGTTTACTAATGGCA-1","Cortex"
"AATAACAACGCTCGGC-1","Hypothalamus"
"AATAACACTAGAACAA-1","Hypothalamus"
"AATAAGTCCTCGAGAC-1","Cortex"
"AATAATCTTCGTATCG-1","Cortex"
"AATACAATGTTTCAGG-1","Amygdala"
"AATAGAACAGAGTGGC-1","Thalamus"
"AATAGAATCTGTTTCA-1","Hippocampus"
"AATAGCTACCGCGTGC-1","Cortex"
"AATAGTCCGTCCCGAC-1","Thalamus"
"AATATCAAGGTCGGAT-1","Cortex"
"AATATCGAATCAATGC-1","Cortex"
"AATATCGAGGGTTCTC-1","Cortex"
"AATATTGGAGTATTGA-1","Hypothalamus"
"AATCATGTAAAGACTC-1","Cortex"
"AATCCAAGGGCCTGAG-1","Cortex"
"AATCCATGCAAGGGTG-1","Cortex"
"AATCGCCTCAGCGCCA-1","Thalamus"
"AATCGCGCAGAGGACT-1","Cortex"
"AATCGGGACACTACGA-1","Cortex"
"AATCTATGCCGGAGCC-1","Cortex"
"AATCTGCGTTGGGACG-1","Fiber_tracts"
"AATGACAGCAATGTCT-1","Hypothalamus"
"AATGACGTAGGATGTC-1","Thalamus"
"AATGACTGTCAGCCGG-1","Amygdala"
"AATGAGTTCGCATATG-1","Amygdala"
"AATGATGATACGCTAT-1","Cortex"
"AATGATGCGACTCCTG-1","Cortex"
"AATGCAACCGGGTACC-1","Thalamus"
"AATGCACCAAGCAATG-1","Cortex"
"AATGGTCCACCGTTCA-1","Amygdala"
"AATGGTTCTCACAAGC-1","Amygdala"
"AATTAAAGGTCGGCGT-1","Thalamus"
"AATTAGCGCTGCAGCG-1","Thalamus"
"AATTCATAAGGGATCT-1","Cortex"
"AATTCTAGAGTTAGGC-1","Thalamus"
"AATTGAACGCTCTGGT-1","Hippocampus"
"AATTTGGGACATAGTA-1","Cortex"
"AATTTGGTTCCAAAGA-1","Cortex"
"ACAAAGAAGGTAGGCC-1","Hypothalamus"
"ACAAATCGCACCGAAT-1","Hippocampus"
"ACAAATGGTAGTGTTT-1","Hippocampus"
"ACAACAGCATGAGCTA-1","Thalamus"
"ACAACGGTCCCTGCGA-1","Amygdala"
"ACAAGCAGTGCCTAGC-1","Amygdala"
"ACAAGGAAATCCGCCC-1","Hippocampus"
"ACAAGGACAAGAGGTT-1","Amygdala"
"ACAAGGGCAGGCTCTG-1","Thalamus"
"ACAATAGTCGTACGTT-1","Hypothalamus"
"ACAATCCATTTAAACC-1","Hypothalamus"
"ACAATTGTGTCTCTTT-1","Fiber_tracts"
"ACAATTTGAGCAGTGG-1","Fiber_tracts"
"ACAATTTGGCCATATT-1","Cortex"
"ACACAAAGACGGGTGG-1","Thalamus"
"ACACACCAGGACCAGT-1","Hippocampus"
"ACACACTTTCTACACG-1","Cortex"
"ACACCACATAATTAGC-1","Cortex"
"ACACCCAGCATGCAGC-1","Thalamus"
"ACACCCGAGAAATCCG-1","Amygdala"
"ACACCTTAAGTAGGGC-1","Amygdala"
"ACACCTTACTACTTGC-1","Cortex"
"ACACGAGACTCCTTCT-1","Thalamus"
"ACACGGCACTATGCAT-1","Cortex"
"ACACGGGAACTTAGGG-1","Fiber_tracts"
"ACACGTAGGCCACAAG-1","Cortex"
"ACACTCCAATGTCACT-1","Amygdala"
"ACACTGATCAAGGTGT-1","Thalamus"
"ACACTGGGACAGTCGT-1","Cortex"
"ACAGAACTGAGAACAA-1","Hypothalamus"
"ACAGATTAGGTTAGTG-1","Cortex"
"ACAGCATAGAGCCAGT-1","Cortex"
"ACAGCGACATTCTCAT-1","Cortex"
"ACAGCGCACCCGCAGC-1","Cortex"
"ACAGGCTTGCCCGACT-1","Hippocampus"
"ACAGGTGGAGGTGAGG-1","Thalamus"
"ACAGTAATACAACTTG-1","Hypothalamus"
"ACATAATAAGGCGGTG-1","Caudoputamen"
"ACATCCCGGCCATACG-1","Thalamus"
"ACATCCTGGTAACTGT-1","Fiber_tracts"
"ACATCGATCGTTTACC-1","Thalamus"
"ACATCGGTCAGCCGCG-1","Hypothalamus"
"ACATCGTATGCAATGG-1","Hippocampus"
"ACATCGTTAACCTAGT-1","Cortex"
"ACATCTCAACGCGTAA-1","Cortex"
"ACATGGCGCCAAAGTA-1","Cortex"
"ACATTAGTTTATATCC-1","Thalamus"
"ACCAACACCACACACT-1","Cortex"
"ACCAACGCTTATTTAT-1","Thalamus"
"ACCAAGAACGCGTGTC-1","Amygdala"
"ACCAATATGCAAGTTA-1","Hippocampus"
"ACCACAACTCAGAACA-1","Cortex"
"ACCACAAGTTTCTATC-1","Fiber_tracts"
"ACCACCAATGTAACAA-1","Cortex"
"ACCACGTGCAGCTATA-1","Hippocampus"
"ACCAGCCCGGTCTTTG-1","Cortex"
"ACCAGTGCGGGAGACG-1","Hippocampus"
"ACCATATCCGCAATAA-1","Thalamus"
"ACCATCCGCCAACTAG-1","Hypothalamus"
"ACCATCGTATATGGTA-1","Thalamus"
"ACCCAACGCCCGTGGC-1","Fiber_tracts"
"ACCCACCTACATGCTC-1","Amygdala"
"ACCCATCTTGAGGGTA-1","Hypothalamus"
"ACCCATTTGTCCCTCT-1","Cortex"
"ACCCGGAAACTCCCAG-1","Thalamus"
"ACCCGGATGACGCATC-1","Fiber_tracts"
"ACCCGGTTACACTTCC-1","Thalamus"
"ACCCTATAGGACTGAG-1","Cortex"
"ACCCTCCCTTGCTATT-1","Hippocampus"
"ACCCTGGTAACGCCCT-1","Cortex"
"ACCCTTCATCTGCGAA-1","Cortex"
"ACCCTTTAGTTCTCCA-1","Cortex"
"ACCGAAAGGGCCCTGC-1","Cortex"
"ACCGACTGAGTCCCAC-1","Fiber_tracts"
"ACCGATATTTAATCAT-1","Cortex"
"ACCGATGGTAGCATCG-1","Fiber_tracts"
"ACCGCAATAACTGCCT-1","Hippocampus"
"ACCGCGGTGGAAGTCG-1","Cortex"
"ACCGGGCCTTTGTTGA-1","Hippocampus"
"ACCGTTCCCGCTCTGA-1","Cortex"
"ACCTAAGTACCTTTCA-1","Hypothalamus"
"ACCTAATCGACTTCCT-1","Fiber_tracts"
"ACCTACAGTATGTGGT-1","Cortex"
"ACCTCCGCCCTCGCTG-1","Cortex"
"ACCTCCGTTATTCACC-1","Cortex"
"ACCTGCGTGTCATGTT-1","Hypothalamus"
"ACGAAATGGGCGGCAC-1","Fiber_tracts"
"ACGAGAACCCATCACG-1","Cortex"
"ACGAGATATTTGCTTA-1","Cortex"
"ACGAGGATACCACTCT-1","Hypothalamus"
"ACGAGTACGGATGCCC-1","Cortex"
"ACGATACATAGAACTA-1","Caudoputamen"
"ACGATCATACATAGAG-1","Fiber_tracts"
"ACGATCATCTTGTAAA-1","Cortex"
"ACGATGCATATGTTAT-1","Hypothalamus"
"ACGATGGATCCGATGC-1","Cortex"
"ACGCAATCACTACAGC-1","Cortex"
"ACGCATACGTTTACTA-1","Cortex"
"ACGCATTCGTGAGTAC-1","Thalamus"
"ACGCCAGATGATTTCT-1","Caudoputamen"
"ACGCCCAGCTGTCGAT-1","Cortex"
"ACGCCGCTAGACGACC-1","Thalamus"
"ACGCGAAGTCAGACGA-1","Thalamus"
"ACGCGCTACACAGGGT-1","Hypothalamus"
"ACGCGGGCCAAGGACA-1","Thalamus"
"ACGCTAGTGATACACT-1","Cortex"
"ACGCTGTGAGGCGTAG-1","Hypothalamus"
"ACGGAATTTAGCAAAT-1","Amygdala"
"ACGGAGCGCAAATTAC-1","Cortex"
"ACGGATGGTGCGGATA-1","Hippocampus"
"ACGGCACTTGCTTGGG-1","Thalamus"
"ACGGCCAACATGGACT-1","Thalamus"
"ACGGCGACGATGGGAA-1","Hippocampus"
"ACGGGAGTGTCGGCCC-1","Hypothalamus"
"ACGTACAGATTTCTCT-1","Cortex"
"ACGTAGATTGCTGATG-1","Thalamus"
"ACGTATTACTCCGATC-1","Hippocampus"
"ACGTCTCGTTCCGGGA-1","Hypothalamus"
"ACGTGCGCCTCGTGCA-1","Caudoputamen"
"ACGTTAATGTCGAAGA-1","Thalamus"
"ACGTTAGATTTGCCCG-1","Hypothalamus"
"ACGTTCCGCGCTCCGT-1","Cortex"
"ACGTTCGCAATCAATT-1","Cortex"
"ACGTTTAGTTGTGATC-1","Cortex"
"ACTACCAGCTCTCTGG-1","Amygdala"
"ACTAGTTGCGATCGTC-1","Cortex"
"ACTATATGCTGTGTTC-1","Cortex"
"ACTATCCAGGGCATGG-1","Cortex"
"ACTATCTGCCCGCGTA-1","Cortex"
"ACTATTCGTCCGTGGT-1","Cortex"
"ACTCAACGAATGTATT-1","Cortex"
"ACTCAATAAAGGCACG-1","Fiber_tracts"
"ACTCAGACCTGCTTCT-1","Cortex"
"ACTCCCATTCCTAAAG-1","Hypothalamus"
"ACTCCCGAATTCGTTT-1","Cortex"
"ACTCCCTAGAATAGTA-1","Thalamus"
"ACTCGTAACCCGTCCT-1","Hypothalamus"
"ACTCGTCAGTAATCCC-1","Thalamus"
"ACTCTCTGACTTAGGT-1","Thalamus"
"ACTCTCTTATACACGA-1","Cortex"
"ACTCTTGTATAGTAAC-1","Thalamus"
"ACTGAAACGCCGTTAG-1","Fiber_tracts"
"ACTGAATGGCGAAAGT-1","Hippocampus"
"ACTGATTTAGTGATTC-1","Cortex"
"ACTGCCGTCGTAACTC-1","Fiber_tracts"
"ACTGCGGACACACCGT-1","Cortex"
"ACTGTACGATACACAT-1","Fiber_tracts"
"ACTGTAGCACTTTGGA-1","Amygdala"
"ACTGTATACGCGAGCA-1","Cortex"
"ACTGTCCAGGATTATA-1","Fiber_tracts"
"ACTGTCTTCTTTAGAA-1","Fiber_tracts"
"ACTGTGCTAGTAGATC-1","Amygdala"
"ACTTACCGGGCGCGCA-1","Cortex"
"ACTTAGTACGACAAGA-1","Amygdala"
"ACTTATACTTACCCGG-1","Fiber_tracts"
"ACTTATTAGGATCGGT-1","Thalamus"
"ACTTATTTATGTGCCA-1","Hippocampus"
"ACTTCAGGCTGATCCC-1","Hippocampus"
"ACTTCGCCATACGCAC-1","Fiber_tracts"
"ACTTGACTCCCTCTTT-1","Thalamus"
"ACTTGGGACCCGGTGG-1","Thalamus"
"ACTTGTAGTCCCTTCA-1","Hypothalamus"
"ACTTGTGGATGGAACG-1","Cortex"
"ACTTTACCCTCATGAA-1","Cortex"
"ACTTTCCTATAGCTTC-1","Fiber_tracts"
"ACTTTGACTGCATCCT-1","Hypothalamus"
"AGAAATTATGACTCGC-1","Cortex"
"AGAACGTGGTACATTC-1","Fiber_tracts"
"AGAAGAGCGCCGTTCC-1","Fiber_tracts"
"AGAAGGTTGCCGAATT-1","Thalamus"
"AGAAGTGATTCGTGAT-1","Hypothalamus"
"AGAATTATGGATTCGA-1","Fiber_tracts"
"AGAATTGTTTGACATA-1","Amygdala"
"AGACATAGATCCTTCC-1","Cortex"
"AGACCATGGGATACAA-1","Amygdala"
"AGACCCACCGCTGATC-1","Thalamus"
"AGACCCGCCCTCCTCG-1","Fiber_tracts"
"AGACCGCTCCGCGGTT-1","Cortex"
"AGACCGGGAAACCCTG-1","Hypothalamus"
"AGACGAAGTGCCGGTC-1","Hippocampus"
"AGACGACGATGCCGCT-1","Hypothalamus"
"AGACTAGCCTTCCAGA-1","Fiber_tracts"
"AGAGAACCGTCTAGGA-1","Fiber_tracts"
"AGAGATCTCTAAAGCG-1","Hypothalamus"
"AGAGCAGTTATGAGAC-1","Amygdala"
"AGAGCCGCCGAGATTT-1","Cortex"
"AGAGCGGGCTAATCAT-1","Caudoputamen"
"AGAGCGTACAAGCTCG-1","Amygdala"
"AGAGGCTTCGGAAACC-1","Cortex"
"AGAGTAAACTTCACTA-1","Cortex"
"AGATAACTTCAGGGCC-1","Thalamus"
"AGATACCGGTGTTCAC-1","Hypothalamus"
"AGATACGACTTCATAT-1","Amygdala"
"AGATACTCAAGATCGA-1","Hippocampus"
"AGATCGTGCATAAGAT-1","Cortex"
"AGATCTCAGGTGTGAT-1","Fiber_tracts"
"AGATGACTCGCCCACG-1","Amygdala"
"AGATGAGGGTTGCGAT-1","Cortex"
"AGATGATGGAGTCTGG-1","Cortex"
"AGATGCATCCTGTGTC-1","Hypothalamus"
"AGATTATAGGACGTTT-1","Thalamus"
"AGCAACATATCTTATT-1","Hippocampus"
"AGCACCAGTACTCACG-1","Fiber_tracts"
"AGCACTACCGGCCTGT-1","Fiber_tracts"
"AGCACTACCTCACCAG-1","Hippocampus"
"AGCACTTAAGGACGCC-1","Fiber_tracts"
"AGCAGCCAGATGAATA-1","Thalamus"
"AGCATATCAATATGCT-1","Hippocampus"
"AGCATCGTCGATAATT-1","Thalamus"
"AGCCACTCCCGTGCTT-1","Caudoputamen"
"AGCCCATACATGTAAG-1","Hypothalamus"
"AGCCCTAAGCGAAGTT-1","Fiber_tracts"
"AGCCCTGTCGCACCGT-1","Cortex"
"AGCCCTTCTAATCCGA-1","Cortex"
"AGCCCTTGGACATCCC-1","Cortex"
"AGCCGTGGCTAAATGT-1","Hypothalamus"
"AGCCTAATACCCACGT-1","Hypothalamus"
"AGCGACAGGAACGGTC-1","Hypothalamus"
"AGCGACATCCCATTCA-1","Caudoputamen"
"AGCGACCAACGATATT-1","Thalamus"
"AGCGCATAATGAATCG-1","Thalamus"
"AGCGCGGGTGCCAATG-1","Cortex"
"AGCGCTAGAGCGATGT-1","Cortex"
"AGCGCTTATGGGCAAG-1","Cortex"
"AGCGGCGGTTAGCGGT-1","Hypothalamus"
"AGCGGGAAGGGTCCAT-1","Amygdala"
"AGCGTACGAGAGCTAG-1","Cortex"
"AGCGTCTGAACCCGCA-1","Cortex"
"AGCGTGGTATTCTACT-1","Thalamus"
"AGCTAGAAGCAGAAGT-1","Cortex"
"AGCTATTTAATCCAAC-1","Fiber_tracts"
"AGCTCCATATATGTTC-1","Cortex"
"AGCTCCTTCGCACATC-1","Hippocampus"
"AGCTCTAGACGTTCCA-1","Thalamus"
"AGCTCTTCCCAGTGCA-1","Cortex"
"AGCTCTTCGTAACCTT-1","Cortex"
"AGCTCTTTACTCAGTT-1","Thalamus"
"AGCTGAAGTAAACCAA-1","Fiber_tracts"
"AGCTTATAGAGACCTG-1","Cortex"
"AGCTTGATCTTAACTT-1","Hypothalamus"
"AGGACAGTCGAATCCC-1","Hippocampus"
"AGGACATCGCACGTCG-1","Amygdala"
"AGGACGACCCATTAGA-1","Thalamus"
"AGGACGCTCGATGTTG-1","Cortex"
"AGGAGGCCTTCGCGCG-1","Fiber_tracts"
"AGGATAAAGTCGGGAT-1","Thalamus"
"AGGATATAGGGATTTA-1","Hippocampus"
"AGGATCACGCGATCTG-1","Hypothalamus"
"AGGATTGCTTACGACA-1","Cortex"
"AGGCACGTGACTGTCC-1","Cortex"
"AGGCAGATGCGTAAAC-1","Caudoputamen"
"AGGCATTGTCGTAGGG-1","Fiber_tracts"
"AGGCCACCCGTTATGA-1","Amygdala"
"AGGCCCATTGTACAGG-1","Amygdala"
"AGGCCCTAGAACGCCA-1","Hypothalamus"
"AGGCTATGGTTAGCTT-1","Amygdala"
"AGGCTTCCCGAAGAAG-1","Thalamus"
"AGGCTTGCTAGACACC-1","Amygdala"
"AGGGAAACGAGGTACT-1","Cortex"
"AGGGACCGGCTGCGTT-1","Cortex"
"AGGGACTCTACGCGAC-1","Thalamus"
"AGGGAGACATACTTCG-1","Cortex"
"AGGGCAGCGGCGTGGT-1","Cortex"
"AGGGCGAGCAGCTGAT-1","Hypothalamus"
"AGGGCGTGATCGGCTA-1","Amygdala"
"AGGGCTGCAGTTACAG-1","Thalamus"
"AGGGTCGATGCGAACT-1","Fiber_tracts"
"AGGGTGCTCTCGAGGG-1","Fiber_tracts"
"AGGGTTCCCTTTGGTT-1","Fiber_tracts"
"AGGGTTTAGTTCGGGA-1","Thalamus"
"AGGTAACCTCCTATTC-1","Amygdala"
"AGGTACGATATTGCCA-1","Cortex"
"AGGTAGGTACAAAGCT-1","Hypothalamus"
"AGGTATAATTGATAGT-1","Cortex"
"AGGTCAGGTGAGAGTG-1","Hypothalamus"
"AGGTCGCGGAGTTACT-1","Cortex"
"AGGTGTATCGCCATGA-1","Hypothalamus"
"AGGTTACACCATGCCG-1","Cortex"
"AGGTTGAGGCACGCTT-1","Caudoputamen"
"AGGTTTCACACACCTT-1","Thalamus"
"AGTAATGTCTTGCCGC-1","Amygdala"
"AGTACATCATTTATCA-1","Cortex"
"AGTACGGGCACCTGGC-1","Caudoputamen"
"AGTACGTGGCCTGTCT-1","Cortex"
"AGTACTCTTATGCCCA-1","Hippocampus"
"AGTAGGAAGGAAGTTG-1","Cortex"
"AGTAGGTAACATACAT-1","Cortex"
"AGTATAATACTAGGCA-1","Amygdala"
"AGTCAACACCACCATC-1","Thalamus"
"AGTCAAGATGACACTT-1","Hippocampus"
"AGTCACTAGCTCTCGA-1","Cortex"
"AGTCAGCCACCGCCTG-1","Amygdala"
"AGTCCATTGGCTGATG-1","Fiber_tracts"
"AGTCCCGCCTTTAATT-1","Cortex"
"AGTCGACGGTCTCAAG-1","Hippocampus"
"AGTCGGCCCAAACGAC-1","Amygdala"
"AGTCGGCTCAACTTTA-1","Hypothalamus"
"AGTCGGTTGCGTGAGA-1","Cortex"
"AGTCGTCGACCACCAA-1","Fiber_tracts"
"AGTCGTGGGCATTACG-1","Hypothalamus"
"AGTCTAAAGTATACTC-1","Cortex"
"AGTCTCACAAGACTAC-1","Hypothalamus"
"AGTCTGGACATCCTTG-1","Amygdala"
"AGTCTTCTCCTCAAAT-1","Thalamus"
"AGTGAACAAACTTCTC-1","Fiber_tracts"
"AGTGACCTACTTTACG-1","Thalamus"
"AGTGAGACTTCCAGTA-1","Fiber_tracts"
"AGTGAGCCTCGCCGCC-1","Cortex"
"AGTGAGGGTTTCTGAC-1","Cortex"
"AGTGATATGAGTAGTT-1","Thalamus"
"AGTGATTCAAGCAGGA-1","Fiber_tracts"
"AGTGCACGCTTAAGAA-1","Fiber_tracts"
"AGTGCGTAGCTCGTAA-1","Thalamus"
"AGTGCTTGCACGAATA-1","Hippocampus"
"AGTGGCGGCAATTTGA-1","Cortex"
"AGTGGCTCCGTCGGCC-1","Hypothalamus"
"AGTGGTGTTACCCGTG-1","Hypothalamus"
"AGTGTATTGCGCATTG-1","Cortex"
"AGTGTGGTCTATTGTG-1","Amygdala"
"AGTTAAACACTTGCGA-1","Thalamus"
"AGTTAAGCGGTCCCGG-1","Cortex"
"AGTTAAGTCAACCGCT-1","Hypothalamus"
"AGTTACTCTATCGTGG-1","Cortex"
"AGTTCCTACAGAATTA-1","Thalamus"
"AGTTCCTATTTATGTT-1","Thalamus"
"AGTTCTGCGTTGTATC-1","Cortex"
"AGTTGACATCGGCTGG-1","Cortex"
"AGTTGCTGACTGATAT-1","Amygdala"
"AGTTTCGCAGGTCGGA-1","Cortex"
"AGTTTGGCACGGGTTG-1","Cortex"
"AGTTTGGCCAGACCTA-1","Hypothalamus"
"ATAAACGGACCCGTAA-1","Thalamus"
"ATAAACGTTGCACCAC-1","Cortex"
"ATAAAGGCTCGGTCGT-1","Fiber_tracts"
"ATAAAGGTCAAGTACG-1","Cortex"
"ATAAATATTAGCAGCT-1","Hypothalamus"
"ATAACGCCGGAGGGTC-1","Fiber_tracts"
"ATAACGGAGTCCAACG-1","Fiber_tracts"
"ATAAGGTGGAGAACAT-1","Thalamus"
"ATAAGTAGGATTCAGA-1","Cortex"
"ATAAGTAGGGCGACTC-1","Cortex"
"ATAAGTTACCGCGACG-1","Thalamus"
"ATAATACCGTTAGCCG-1","Amygdala"
"ATAATAGCTGTTGAAT-1","Thalamus"
"ATAATAGTGTAGGGAC-1","Amygdala"
"ATACAGGCCCTCCAAT-1","Thalamus"
"ATACCACGGGCAACTT-1","Hypothalamus"
"ATACCAGCAAATTGCT-1","Cortex"
"ATACCAGGCTAATAGA-1","Cortex"
"ATACGCCGGCGAAACC-1","Thalamus"
"ATACGGGTTTCGATTG-1","Caudoputamen"
"ATACGTACTTAGCCAC-1","Hippocampus"
"ATACGTCCACTCCTGT-1","Hippocampus"
"ATACTACCCGTACCAC-1","Cortex"
"ATACTAGCATGACCCT-1","Caudoputamen"
"ATACTCTCGCCACTCT-1","Cortex"
"ATACTGCCTTACACCG-1","Hippocampus"
"ATAGACAACGGGACCT-1","Fiber_tracts"
"ATAGACGAAGAGAAAG-1","Fiber_tracts"
"ATAGAGTACTGGGACA-1","Amygdala"
"ATAGAGTTATCAACTT-1","Fiber_tracts"
"ATAGGCGGCTATAGAA-1","Hypothalamus"
"ATAGGCTAGCTTCGCA-1","Cortex"
"ATAGGGATATCCTTGA-1","Caudoputamen"
"ATAGGTTGGGCAGATG-1","Fiber_tracts"
"ATAGTCTTTGACGTGC-1","Cortex"
"ATAGTGAAGCGTTCTC-1","Thalamus"
"ATAGTTCCACCCACTC-1","Cortex"
"ATATAAATGTAGCTGC-1","Thalamus"
"ATATCAACCTACAGAG-1","Cortex"
"ATATCGGTAGGGAGAT-1","Cortex"
"ATATCGTGCCAGACCC-1","Cortex"
"ATATCTCCCTCGTTAA-1","Cortex"
"ATATCTTAGGGCCTTC-1","Thalamus"
"ATATGTCTCCCTAGCC-1","Fiber_tracts"
"ATATTCAGTTAAACCT-1","Hypothalamus"
"ATATTCCACATAGTGA-1","Hippocampus"
"ATATTCCCACAGGTCA-1","Cortex"
"ATATTGCTGTCAAAGT-1","Amygdala"
"ATATTTAACCCTCAAG-1","Fiber_tracts"
"ATCAAACACTGTTCCA-1","Cortex"
"ATCAAACGAAGGTTTG-1","Hypothalamus"
"ATCAATCTGGGCTGCA-1","Thalamus"
"ATCACATTAGAATATC-1","Caudoputamen"
"ATCACGTGCTAATTAA-1","Hypothalamus"
"ATCACTTCATCCTCGC-1","Caudoputamen"
"ATCAGACGGCACGCCG-1","Thalamus"
"ATCAGCCTCATGCTGC-1","Hippocampus"
"ATCAGCTCGTCCACTA-1","Hypothalamus"
"ATCAGGTCGCCATTGC-1","Cortex"
"ATCAGTAGGCAGGGAT-1","Fiber_tracts"
"ATCATCCAATATTTGT-1","Thalamus"
"ATCCAACGCAGTCATA-1","Amygdala"
"ATCCAATGGAGGGTCC-1","Hypothalamus"
"ATCCACGCTAAATGTT-1","Cortex"
"ATCCAGAGCAACAACC-1","Thalamus"
"ATCCAGGATTCGTGAA-1","Thalamus"
"ATCCTACCTAAGCTCT-1","Thalamus"
"ATCCTGAATCGCTGCG-1","Hypothalamus"
"ATCCTGCGTGGAATGG-1","Thalamus"
"ATCCTGCTGCAGATAG-1","Cortex"
"ATCGACCCAATACAGA-1","Thalamus"
"ATCGACTCTTTCCGTT-1","Thalamus"
"ATCGCACGCCGGGAGA-1","Thalamus"
"ATCGCCAGTCAACATT-1","Cortex"
"ATCGCTGCGTGCAGCA-1","Cortex"
"ATCGGAGACAGACGGC-1","Hippocampus"
"ATCGGCAAGCAGTCCA-1","Cortex"
"ATCGTTAGCTAGCGGA-1","Cortex"
"ATCGTTCACTTTCGCC-1","Cortex"
"ATCTAATATCCTACGG-1","Thalamus"
"ATCTCCCACGGAATAT-1","Cortex"
"ATCTCCCTGCAATCTA-1","Fiber_tracts"
"ATCTCGTGAGCGAAAC-1","Cortex"
"ATCTGCACCTCTGCGA-1","Cortex"
"ATCTGGTTAAGACTGT-1","Fiber_tracts"
"ATCTGTAATTGTACCC-1","Amygdala"
"ATCTTGACCTGCAACG-1","Amygdala"
"ATCTTGACTTGTCCAA-1","Cortex"
"ATGAAGCCAAGGAGCC-1","Amygdala"
"ATGACGCCGGCTCTAA-1","Amygdala"
"ATGACGCGTTCTATCC-1","Hypothalamus"
"ATGACTATGCGACATT-1","Hippocampus"
"ATGAGGAGTGTTAATC-1","Amygdala"
"ATGAGGGCAGCGGCTA-1","Cortex"
"ATGATCGGGAATAGAC-1","Amygdala"
"ATGATGCAATGGTACA-1","Thalamus"
"ATGCACTACCGCATTG-1","Amygdala"
"ATGCATGATCCAGGAT-1","Fiber_tracts"
"ATGCCAATCGCTCTGC-1","Cortex"
"ATGCCATTTGCGACCA-1","Hippocampus"
"ATGCCGGTCTTGCATA-1","Thalamus"
"ATGCCGGTTGATGGGA-1","Fiber_tracts"
"ATGCGACAGTCCCATT-1","Thalamus"
"ATGCGAGTCCCACCAC-1","Cortex"
"ATGCTCAGTGTTGCAT-1","Amygdala"
"ATGCTTAGGAGTTGAT-1","Cortex"
"ATGGAACCTTTGCACA-1","Cortex"
"ATGGAGCAGGCCGTGA-1","Thalamus"
"ATGGATCCGGCGTCCG-1","Caudoputamen"
"ATGGATTGACCAAACG-1","Fiber_tracts"
"ATGGCTGGAAATGGCC-1","Cortex"
"ATGGGCCTCGGCCTCT-1","Hippocampus"
"ATGGTCGCGTGGTTTC-1","Hippocampus"
"ATGTAAGGCTGCTCTT-1","Cortex"
"ATGTGAAAGCCTAATG-1","Hypothalamus"
"ATGTGCATCCGACGCA-1","Thalamus"
"ATGTGGACATCTTGAT-1","Thalamus"
"ATGTGTAGTTTAGTCA-1","Cortex"
"ATGTTACGAGCAATAC-1","Amygdala"
"ATTAAACATGCGGACC-1","Thalamus"
"ATTAATACTACGCGGG-1","Caudoputamen"
"ATTAATGAACCAGTCG-1","Caudoputamen"
"ATTAATTCGGTCACTC-1","Cortex"
"ATTACAACTACCGGCC-1","Cortex"
"ATTACATGTCAGTCTT-1","Cortex"
"ATTACCACACTGCCTG-1","Cortex"
"ATTACGCGCTGGCAGG-1","Hypothalamus"
"ATTACTAGCCTCTTGC-1","Amygdala"
"ATTACTTACTGGGCAT-1","Cortex"
"ATTAGATTCCTCAGCA-1","Cortex"
"ATTAGATTGATAGCGG-1","Amygdala"
"ATTAGGCGATGCTTTC-1","Thalamus"
"ATTATACTTTGCTCGT-1","Caudoputamen"
"ATTATAGCTACTTTAC-1","Cortex"
"ATTATCTCGACAGATC-1","Cortex"
"ATTATGCCATAGGGAG-1","Amygdala"
"ATTCAACCATTTAAGG-1","Cortex"
"ATTCACTGATGTTGGA-1","Thalamus"
"ATTCAGGACCTATTTC-1","Cortex"
"ATTCAGTAGCAGGGTC-1","Amygdala"
"ATTCATATACTGTCCA-1","Thalamus"
"ATTCCCACATAAACAA-1","Amygdala"
"ATTCCTAAGACGTGGA-1","Cortex"
"ATTCCTCCGCCAGTGC-1","Amygdala"
"ATTCCTTCCAGGCGGT-1","Cortex"
"ATTCGACGCCGGGCCT-1","Hypothalamus"
"ATTCGTGCTATCTCTT-1","Cortex"
"ATTCTCGTCTCTTTAG-1","Cortex"
"ATTCTGAGTATGAACT-1","Cortex"
"ATTCTTCGTACTTATG-1","Cortex"
"ATTGAAGATCTTAGTG-1","Thalamus"
"ATTGACCGGCGATGAC-1","Cortex"
"ATTGACGTAACTCGGT-1","Cortex"
"ATTGATAGCAACGAGA-1","Cortex"
"ATTGATGAGTCCTAAC-1","Fiber_tracts"
"ATTGCGATCAGTAACT-1","Fiber_tracts"
"ATTGCTGCTCCTCCAT-1","Fiber_tracts"
"ATTGGATTACAGCGTA-1","Cortex"
"ATTGGGAATATCTTGG-1","Cortex"
"ATTGTACAACTCGGCT-1","Cortex"
"ATTGTCGCAATACCTT-1","Cortex"
"ATTTAACTCGTATTAC-1","Amygdala"
"ATTTACAGTTTACTGG-1","Fiber_tracts"
"ATTTACTAAGTCCATT-1","Cortex"
"ATTTCATTATTTCGCG-1","Cortex"
"ATTTCCGGGTTCTGCG-1","Hypothalamus"
"ATTTGCGCGAGTAGCT-1","Hypothalamus"
"ATTTGTCTTGGGAGCT-1","Fiber_tracts"
"ATTTGTTCCAGGGCTC-1","Caudoputamen"
"CAAACGAGTATCGCAG-1","Thalamus"
"CAAACGGTCGCACTTT-1","Fiber_tracts"
"CAAACGTGGTCTTGCG-1","Cortex"
"CAAACTACGATAGAGA-1","Cortex"
"CAAACTATTGAGCTTC-1","Cortex"
"CAAACTCGCGACGCCG-1","Cortex"
"CAAATCTCTCACAAGG-1","Hypothalamus"
"CAAATGTCCTTCCGTG-1","Thalamus"
"CAAATTGGATTATGCC-1","Cortex"
"CAAATTGTCAGCAAGC-1","Cortex"
"CAACACATCTCCTGCC-1","Cortex"
"CAACGACCCGTTTACA-1","Amygdala"
"CAACGGTTCTTGATAC-1","Amygdala"
"CAACGTGGTGGAGTCT-1","Cortex"
"CAACTATATCGAATGC-1","Cortex"
"CAACTCCTTGATCCCG-1","Amygdala"
"CAACTTGTAGTGGGCA-1","Cortex"
"CAAGAGGGCGGAGTAC-1","Thalamus"
"CAAGATATTATAACGT-1","Hippocampus"
"CAAGCAACGTCGGAGT-1","Fiber_tracts"
"CAAGCACCAAATGCCT-1","Caudoputamen"
"CAAGCGGCACATAATT-1","Thalamus"
"CAAGGATCGCATGTTC-1","Thalamus"
"CAAGGTCCTATAGGCT-1","Cortex"
"CAAGTGAACTTTGGTT-1","Cortex"
"CAAGTGTGGTTGCAAA-1","Hippocampus"
"CAATAAACCTTGGCCC-1","Fiber_tracts"
"CAATACGAGAGTCTGA-1","Cortex"
"CAATACGCTCTGAGGC-1","Hypothalamus"
"CAATATTCTTGACCTA-1","Thalamus"
"CAATCCCTATACCAGC-1","Cortex"
"CAATCCTGCCGTGGAG-1","Amygdala"
"CAATGAGGTTCGACTA-1","Cortex"
"CAATGCGAGAAGTATC-1","Hippocampus"
"CAATGGAATCTACATA-1","Cortex"
"CAATGGATCTCTACCA-1","Caudoputamen"
"CAATGGTCGGCCTGGG-1","Cortex"
"CAATGTGCCAACCCTT-1","Cortex"
"CAATTAAGGGTGATGA-1","Fiber_tracts"
"CAATTTCGTATAAGGG-1","Thalamus"
"CACAATGAGCTGCTAT-1","Thalamus"
"CACACACGCTAACGAG-1","Cortex"
"CACACAGCTTGCGCTC-1","Cortex"
"CACACAGGGATAGATT-1","Amygdala"
"CACACGCGCTGTCTTA-1","Fiber_tracts"
"CACACGTTTCAATGGG-1","Cortex"
"CACAGCACCCACGGCA-1","Fiber_tracts"
"CACAGCTAGGGAGTGA-1","Caudoputamen"
"CACAGGGCCATATAGT-1","Cortex"
"CACAGTCCCGCTTCGC-1","Cortex"
"CACAGTTCGCTTCCCA-1","Cortex"
"CACATATTAGCAGGAT-1","Thalamus"
"CACATGATTCAGCAAC-1","Thalamus"
"CACATTCTTTCGATGG-1","Cortex"
"CACATTTCTTGTCAGA-1","Cortex"
"CACCACGCCACACAGA-1","Hypothalamus"
"CACCATCGGAGGAGAC-1","Cortex"
"CACCCAAATCTTATGT-1","Cortex"
"CACCCACACGTCACCC-1","Amygdala"
"CACCCACGAGGCAATT-1","Cortex"
"CACCCGGTTTGTGACT-1","Thalamus"
"CACCCTAACAAGATCT-1","Hippocampus"
"CACCCTTGGTGAGACC-1","Hypothalamus"
"CACCCTTTCCTCGCTC-1","Cortex"
"CACCGATACACCGAGC-1","Cortex"
"CACCGCCAGAAGGTTT-1","Fiber_tracts"
"CACCGCCGACCAGCGA-1","Cortex"
"CACCGCGTCCACTCTA-1","Cortex"
"CACCGGAGATATCTCC-1","Cortex"
"CACCGTATCCCATCCG-1","Cortex"
"CACCGTTAGGGATCAC-1","Hypothalamus"
"CACCGTTGCGCGATAT-1","Hypothalamus"
"CACCTAATAGAGTCGT-1","Amygdala"
"CACCTAATCAGTTTAC-1","Caudoputamen"
"CACCTCGATGGTGGAC-1","Caudoputamen"
"CACCTTGCGAAACTCG-1","Caudoputamen"
"CACCTTGGCGCCTTTG-1","Fiber_tracts"
"CACGAAAGTTAGTCCC-1","Hypothalamus"
"CACGCACAGCGCAGCT-1","Thalamus"
"CACGCAGCGAGGCTTT-1","Thalamus"
"CACGCGGAACTGTTGC-1","Hippocampus"
"CACGGCGCGCCAAAGG-1","Cortex"
"CACGTCGGCAACCTCT-1","Hypothalamus"
"CACGTCTATGATGTGG-1","Cortex"
"CACGTTCGTGCTCTAG-1","Fiber_tracts"
"CACGTTTCGTACACAC-1","Fiber_tracts"
"CACTAAAGTTGCCTAT-1","Thalamus"
"CACTACGGGAGCTGCC-1","Cortex"
"CACTACTCAGTTCTGT-1","Cortex"
"CACTCAAGAGCTATGG-1","Thalamus"
"CACTCAGCTCTTGAGG-1","Cortex"
"CACTCCTCTCGGTCGG-1","Cortex"
"CACTCGAGCTGAACAA-1","Thalamus"
"CACTCTTCTGCTAGCC-1","Cortex"
"CACTGTCCAAGTGAGA-1","Amygdala"
"CACTTAATCAGACGGA-1","Fiber_tracts"
"CACTTCGCCACAGGCT-1","Amygdala"
"CAGAACTTAGCCCTCT-1","Hippocampus"
"CAGAATAACACACGGA-1","Cortex"
"CAGACACCGATCGCTG-1","Thalamus"
"CAGACCTGTAAGTGTT-1","Cortex"
"CAGACGAACCTGATAC-1","Thalamus"
"CAGAGACGGTCACCCA-1","Thalamus"
"CAGAGCATGAGCTTGC-1","Fiber_tracts"
"CAGAGGCGATGCATGA-1","Thalamus"
"CAGAGTGATTTAACGT-1","Cortex"
"CAGATACTAACATAGT-1","Amygdala"
"CAGATCATTTAAAGTC-1","Cortex"
"CAGCAGCCCGTTCCTT-1","Fiber_tracts"
"CAGCAGTCCAGACTAT-1","Fiber_tracts"
"CAGCCGGGCCCTCTAT-1","Cortex"
"CAGCCTCCTGCAGAGG-1","Caudoputamen"
"CAGCCTCTCCTCAAGA-1","Cortex"
"CAGCGATTCCCTTCAA-1","Thalamus"
"CAGCTCACTGAGACAT-1","Thalamus"
"CAGCTCGACAAGTTAA-1","Fiber_tracts"
"CAGCTCGTGCTTGTGT-1","Amygdala"
"CAGCTGGCGTAACCGT-1","Hypothalamus"
"CAGCTTAGTAGGTAGC-1","Fiber_tracts"
"CAGGAAGACTTTATAT-1","Cortex"
"CAGGATATATCGTTGT-1","Thalamus"
"CAGGCCGTTTGGGTGT-1","Hypothalamus"
"CAGGCGCCATGCTAGG-1","Thalamus"
"CAGTAACTATTTATTG-1","Cortex"
"CAGTAATCCCTCCCAG-1","Amygdala"
"CAGTACATTCTCTAAA-1","Cortex"
"CAGTACCAGTTTACGT-1","Hypothalamus"
"CAGTAGCCCACGCGGT-1","Fiber_tracts"
"CAGTCGAGGATGCAAT-1","Cortex"
"CAGTCGGCCTAGATAT-1","Hypothalamus"
"CAGTCTGTATACTGGG-1","Thalamus"
"CAGTGAATAAATGACT-1","Caudoputamen"
"CAGTGGTTGCACATGA-1","Amygdala"
"CAGTGTCCGCAGAATG-1","Amygdala"
"CAGTGTCGGCTGGCCC-1","Hippocampus"
"CAGTTCAAATTGACAC-1","Fiber_tracts"
"CAGTTCCGCGGGTCGA-1","Amygdala"
"CATAACGGACAGTCGT-1","Fiber_tracts"
"CATAAGCTCTCCGTCT-1","Hypothalamus"
"CATAATGAGCGGGCGA-1","Cortex"
"CATACAAAGCCGAACC-1","Amygdala"
"CATACCCGTACCCAGT-1","Hypothalamus"
"CATACGGCGTCTGGGC-1","Thalamus"
"CATACTATGTAATTGT-1","Thalamus"
"CATACTTAGGCAATAC-1","Cortex"
"CATAGCCGCCCGGGAT-1","Amygdala"
"CATAGCGTTGCCCACC-1","Thalamus"
"CATAGTACATTGAGAG-1","Cortex"
"CATAGTAGCATAGTAG-1","Amygdala"
"CATAGTCCACAAGAAC-1","Hypothalamus"
"CATATACTACTGATAA-1","Cortex"
"CATATAGGTACAGTCA-1","Thalamus"
"CATATGTCAGGCTACG-1","Hypothalamus"
"CATATTATTTGCCCTA-1","Cortex"
"CATCATCTACCCGGAC-1","Cortex"
"CATCATTACCCTGAGG-1","Fiber_tracts"
"CATCCTCTCAAAGATC-1","Fiber_tracts"
"CATCGCCCGCGGCCAA-1","Amygdala"
"CATCGGACGGGTTAAT-1","Thalamus"
"CATCTAGTGAAGGGAA-1","Cortex"
"CATCTATCCCGTGTCT-1","Cortex"
"CATCTTACACCACCTC-1","Fiber_tracts"
"CATGAACCGACATTTG-1","Cortex"
"CATGAACCTCTTATCA-1","Cortex"
"CATGACTTCGCTGAAT-1","Cortex"
"CATGATGCACAATTCT-1","Caudoputamen"
"CATGATGGAAGTTAGC-1","Cortex"
"CATGCATGGAGACCCT-1","Cortex"
"CATGCCAACTCGCAAA-1","Hypothalamus"
"CATGCGACCAGTTTAA-1","Cortex"
"CATGCGTTAGACAGAA-1","Amygdala"
"CATGCTGGCTCCAATT-1","Cortex"
"CATGGATTGTCTTCCG-1","Cortex"
"CATGGCAGGAAGATCG-1","Amygdala"
"CATGGGTATGCCTTAT-1","Hippocampus"
"CATGGGTCGGGTGTGG-1","Fiber_tracts"
"CATGGTAAGTAGCGTT-1","Thalamus"
"CATGGTCTAGATACCG-1","Fiber_tracts"
"CATGTAAGAGACATTT-1","Hippocampus"
"CATGTCTCATTTATGG-1","Hippocampus"
"CATTACATAGATTGTG-1","Cortex"
"CATTACGTCGGCCCGT-1","Caudoputamen"
"CATTATGCTTGTTGTG-1","Thalamus"
"CATTCACTGACAGCTA-1","Cortex"
"CATTCCCATTCCGTCG-1","Cortex"
"CATTCCCTAAGTACAA-1","Cortex"
"CATTGCGGGTCAATTC-1","Cortex"
"CATTTAGCGGACCATG-1","Caudoputamen"
"CATTTATCGTTCAAGA-1","Cortex"
"CATTTCTAGCAGACTA-1","Amygdala"
"CATTTGAGTGGTACGT-1","Thalamus"
"CCAAACAGAACCCTCG-1","Amygdala"
"CCAAATAACAAGATTC-1","Cortex"
"CCAACGATGCACTGAT-1","Fiber_tracts"
"CCAACGCTTGCCAGGG-1","Cortex"
"CCAACTTGATAGATCC-1","Cortex"
"CCAAGAAAGTGGGCGA-1","Thalamus"
"CCAAGACTTCTGCGAA-1","Caudoputamen"
"CCAAGCGTAACTCGTA-1","Thalamus"
"CCAAGGAACAGAGAGG-1","Amygdala"
"CCAATAGTGCCGTCGA-1","Fiber_tracts"
"CCAATCGGTAGATCGA-1","Cortex"
"CCAATGTCACAGCAAG-1","Thalamus"
"CCAATTACGGGTCGAG-1","Cortex"
"CCAATTGAATGTTAAT-1","Amygdala"
"CCACAATGTACGTCTT-1","Fiber_tracts"
"CCACACTGAGATATTA-1","Thalamus"
"CCACAGCTGAAATCAT-1","Cortex"
"CCACAGTACCCATCCT-1","Hippocampus"
"CCACATACTGCACCCA-1","Cortex"
"CCACCAACTTTACTGT-1","Thalamus"
"CCACCCAAGGAAAGTG-1","Thalamus"
"CCACGAATTTAACCTC-1","Cortex"
"CCACGAGAAGAGAATC-1","Caudoputamen"
"CCACGGAGCCATAAGA-1","Hypothalamus"
"CCACGGTGCCCGGTAG-1","Cortex"
"CCACTATCCGGGTCAC-1","Cortex"
"CCACTGGTGGCTGGTT-1","Hypothalamus"
"CCACTGTTTGGATTAA-1","Cortex"
"CCAGAAAGCAACTCAT-1","Hypothalamus"
"CCAGAGACAAAGCCGG-1","Amygdala"
"CCAGATAGTTGAGTGA-1","Caudoputamen"
"CCAGCCTGGACCAATA-1","Thalamus"
"CCAGCTACGCCTCATA-1","Cortex"
"CCAGCTGATGGTACTT-1","Hypothalamus"
"CCAGCTTCCGCCCGCA-1","Amygdala"
"CCAGGGACGTGGCCTC-1","Fiber_tracts"
"CCAGTAGTCTGATCCA-1","Fiber_tracts"
"CCAGTCAAATCTCTTA-1","Hypothalamus"
"CCAGTCCATTATTCGA-1","Cortex"
"CCAGTCTAGACGGCGC-1","Caudoputamen"
"CCATAAACAACCCGAC-1","Cortex"
"CCATACCTTTACTTGT-1","Cortex"
"CCATAGGTTGGCGTGG-1","Caudoputamen"
"CCATAGTCAGTAACCC-1","Amygdala"
"CCATATGGAAACTATA-1","Cortex"
"CCATCCATACCAAGTC-1","Amygdala"
"CCATCGCAGTTAAACT-1","Thalamus"
"CCATCTCACCAGTGAA-1","Fiber_tracts"
"CCATCTTGTTCACAAT-1","Cortex"
"CCATGCCCTAGATTTC-1","Cortex"
"CCATGCCTGTTTAGTA-1","Thalamus"
"CCATGCTCTGCAGGAA-1","Amygdala"
"CCATGGCCCTTGTACC-1","Fiber_tracts"
"CCATTAGCGATAATCC-1","Thalamus"
"CCATTCCCTGCCCACA-1","Fiber_tracts"
"CCATTTCTACCTATTA-1","Thalamus"
"CCCAAACATGCTGCTC-1","Fiber_tracts"
"CCCAACATACGTCGCG-1","Hypothalamus"
"CCCAACCACACTAACA-1","Cortex"
"CCCAATTTCACAACTT-1","Hypothalamus"
"CCCAGAGGAGGGCGTA-1","Cortex"
"CCCAGGTCTGAAGGCT-1","Cortex"
"CCCAGTTAAGGCGCCG-1","Fiber_tracts"
"CCCGAAGTTTCGCGAA-1","Hypothalamus"
"CCCGACCATAGTCCGC-1","Caudoputamen"
"CCCGAGTTTCTCCGTA-1","Cortex"
"CCCGCAGCGCGAACTA-1","Thalamus"
"CCCGCAGGGCCCAAAG-1","Cortex"
"CCCGCCATGCTCCCGT-1","Amygdala"
"CCCGCGCAATGCACCC-1","Amygdala"
"CCCGGTGGAAGAACCT-1","Amygdala"
"CCCGTAAGTCTAGGCC-1","Hypothalamus"
"CCCGTCAGCGTCTGAC-1","Thalamus"
"CCCGTGAGGGCGGTGA-1","Hypothalamus"
"CCCGTTTCGCAGATGT-1","Cortex"
"CCCTAGTGTCAGGTGT-1","Cortex"
"CCCTCATTCTGGAATT-1","Amygdala"
"CCCTCCTCGCTCGTAT-1","Cortex"
"CCCTGAAATGAGTTGA-1","Fiber_tracts"
"CCCTGACTAACAAATT-1","Hypothalamus"
"CCCTGCCCAATCCGCT-1","Hypothalamus"
"CCCTGCGCTACGCATA-1","Hypothalamus"
"CCCTGGCTGTTCCTTC-1","Hypothalamus"
"CCCTGGTATGGGCGGC-1","Cortex"
"CCCTTTGACAGGTCTT-1","Thalamus"
"CCGAAAGTGGTGAGCA-1","Amygdala"
"CCGAACACTGGGCCTC-1","Hypothalamus"
"CCGAACCTTCCCGGCC-1","Thalamus"
"CCGAAGTATATTGTTC-1","Amygdala"
"CCGACAAAGGGAGTGC-1","Fiber_tracts"
"CCGACAATAGGCCGCC-1","Cortex"
"CCGACGTAAACACAAC-1","Cortex"
"CCGACTCGCATAGTCT-1","Cortex"
"CCGAGAAGTCGCATAA-1","Cortex"
"CCGAGCTGTGCTTGTC-1","Cortex"
"CCGAGGGATGTTAGGC-1","Cortex"
"CCGATCTCAACCTTAT-1","Fiber_tracts"
"CCGATTCGAGGGACCC-1","Hypothalamus"
"CCGCACAAAGACCAAC-1","Thalamus"
"CCGCACACGAACGTGT-1","Cortex"
"CCGCACGTGACCTCGG-1","Amygdala"
"CCGCATGTGGTACGAT-1","Thalamus"
"CCGCCACCACAATCCA-1","Cortex"
"CCGCCGGTCAACACAC-1","Cortex"
"CCGCCGTTGAGGATAA-1","Cortex"
"CCGCCTGCGAATTGGT-1","Cortex"
"CCGCCTTGCGATGTCG-1","Hypothalamus"
"CCGCGGAATGCGTCAC-1","Thalamus"
"CCGCGGGTACGAAGAA-1","Fiber_tracts"
"CCGCGTAGGTAAGGGC-1","Amygdala"
"CCGCTATCAGCACCAG-1","Thalamus"
"CCGCTGGTGCCATTCA-1","Cortex"
"CCGCTTACCTCACTCT-1","Hypothalamus"
"CCGCTTGCTGACATGG-1","Cortex"
"CCGGAATGGTTTCAGT-1","Amygdala"
"CCGGCACGACCGTTTC-1","Cortex"
"CCGGCGCATATTGGAT-1","Amygdala"
"CCGGCGTGAGACTCTG-1","Hypothalamus"
"CCGGGACCCGCAGAGA-1","Amygdala"
"CCGGGCGGTCTCGTCA-1","Thalamus"
"CCGGGCTGCTCCATAC-1","Fiber_tracts"
"CCGGGTTCGAGGTTAC-1","Hypothalamus"
"CCGGTAATGGCTAGTC-1","Cortex"
"CCGTAAGTTGGTCCCA-1","Thalamus"
"CCGTACCCAAGCGCCA-1","Cortex"
"CCGTAGGGTTGTTTAC-1","Cortex"
"CCGTATCTCGTCGTAG-1","Hypothalamus"
"CCGTATTAGCGCAGTT-1","Cortex"
"CCGTGAGGCATTCATG-1","Cortex"
"CCGTGCCCATGACGGC-1","Cortex"
"CCGTGGAACGATCCAA-1","Cortex"
"CCGTGTTAAATTCCAT-1","Hypothalamus"
"CCGTTACGTTAGAACA-1","Cortex"
"CCGTTCCGAATCTCGG-1","Hypothalamus"
"CCTAAAGGCTGACGCT-1","Cortex"
"CCTAAATTAACGGTTC-1","Thalamus"
"CCTAAATTGTATCCTA-1","Cortex"
"CCTAACCCAAACAAGT-1","Hippocampus"
"CCTAACTAAGGCTCTA-1","Cortex"
"CCTACATTCACAGACG-1","Hypothalamus"
"CCTACGGCTCAGTCGA-1","Amygdala"
"CCTACTGCTTACACTT-1","Fiber_tracts"
"CCTAGGCGTAGCGATC-1","Fiber_tracts"
"CCTAGTTAGTCGCATG-1","Cortex"
"CCTATAATGAGTGCCC-1","Hippocampus"
"CCTATACCGTCCTGTC-1","Thalamus"
"CCTATCTATATCGGAA-1","Caudoputamen"
"CCTATGAAGTGGTGCC-1","Cortex"
"CCTATGGGTTACCGTC-1","Fiber_tracts"
"CCTCACCAATCTTGAC-1","Amygdala"
"CCTCACCTGAGGGAGC-1","Cortex"
"CCTCACCTTAGCATCG-1","Cortex"
"CCTCATGCAGCTACGA-1","Cortex"
"CCTCCCGACAATCCCT-1","Cortex"
"CCTCCGACAATTCAAG-1","Hypothalamus"
"CCTCGAAGTGGACGGG-1","Fiber_tracts"
"CCTCGACCCACTGCCT-1","Cortex"
"CCTCGCCAGCAAATTA-1","Caudoputamen"
"CCTCGCGCGATATAGG-1","Cortex"
"CCTCGCGCTGTGCGAT-1","Thalamus"
"CCTCGGACCGGGATAG-1","Hippocampus"
"CCTCTAATCTGCCAAG-1","Caudoputamen"
"CCTCTATCGATTAGCA-1","Hypothalamus"
"CCTCTCTCCCATCTAG-1","Fiber_tracts"
"CCTCTGGCCTAGACGG-1","Cortex"
"CCTCTGTACTATTCTA-1","Thalamus"
"CCTGAACGATATATTC-1","Fiber_tracts"
"CCTGAATATTTACATA-1","Thalamus"
"CCTGACCACCGATGGT-1","Thalamus"
"CCTGCTATTTGAGAAG-1","Thalamus"
"CCTGGAAACGTTCTGC-1","Cortex"
"CCTGGCTAGACCCGCC-1","Fiber_tracts"
"CCTGTAAGACATGATA-1","Hypothalamus"
"CCTGTACTCACGCCCA-1","Hypothalamus"
"CCTGTCACCCGGGCTC-1","Fiber_tracts"
"CCTGTCCCTCACGTTA-1","Cortex"
"CCTGTCGCCCGTAAAT-1","Thalamus"
"CCTGTTTGAAGACACG-1","Cortex"
"CCTTCTCAGCGTTCCT-1","Hypothalamus"
"CCTTCTTGATCCAGTG-1","Caudoputamen"
"CCTTGACCACTTTATT-1","Cortex"
"CCTTTCAATGAAGAAA-1","Cortex"
"CGAAACATAGATGGCA-1","Cortex"
"CGAAACGCAATTCATG-1","Hypothalamus"
"CGAACAGTATGGGCGT-1","Hippocampus"
"CGAACCCGCATGCGTC-1","Thalamus"
"CGAACGCCCAGTGCCG-1","Cortex"
"CGAACGGCCGGACAAC-1","Hypothalamus"
"CGAAGCTATAAATTCA-1","Cortex"
"CGAAGTTGCTCTGTGT-1","Hypothalamus"
"CGACAATTTGATCTAA-1","Hippocampus"
"CGACACGCTCCGACAG-1","Hippocampus"
"CGACAGTTCGCGTTAT-1","Fiber_tracts"
"CGACATGCGATCTTCT-1","Cortex"
"CGACCCTTAACGCCGG-1","Hypothalamus"
"CGACGCATCCGTACCT-1","Hypothalamus"
"CGACTCAGGATGTTAT-1","Fiber_tracts"
"CGACTTTGTATAGCCT-1","Cortex"
"CGAGACCCTAGAGTGT-1","Thalamus"
"CGAGAGATGTGAACCT-1","Fiber_tracts"
"CGAGAGCGCGTAGATA-1","Hypothalamus"
"CGAGAGGGTAGCCGCG-1","Cortex"
"CGAGATTTCGCTCGGG-1","Cortex"
"CGAGCACTTCAAGTTT-1","Amygdala"
"CGAGCGTTGATCAGCC-1","Cortex"
"CGAGCTGGGCTTTAGG-1","Caudoputamen"
"CGAGGATCGGGAACGA-1","Cortex"
"CGAGGCCAGGCATTGG-1","Amygdala"
"CGAGGCTAAATATGGC-1","Fiber_tracts"
"CGAGGGACTGCGGTCG-1","Thalamus"
"CGAGTACTAAAGAGGA-1","Hypothalamus"
"CGAGTGCTATAGTTCG-1","Cortex"
"CGAGTTCTGTCCCACC-1","Caudoputamen"
"CGAGTTTATCGGACTG-1","Fiber_tracts"
"CGATAATACTCAGGTT-1","Cortex"
"CGATACCTCGCGGACA-1","Thalamus"
"CGATATTAGCCGCAGG-1","Cortex"
"CGATCCGACCCAGTGC-1","Thalamus"
"CGATCTGTTGGAGGAC-1","Hypothalamus"
"CGATGGACCCTACGCC-1","Cortex"
"CGATTAAATATCTCCT-1","Thalamus"
"CGCAAACACGAGTTAC-1","Amygdala"
"CGCAATTACTTTCGGT-1","Amygdala"
"CGCAATTAGGGTAATA-1","Fiber_tracts"
"CGCAATTCTACAATAA-1","Amygdala"
"CGCACATGTCCACTAC-1","Hippocampus"
"CGCACGTGCGCTATCA-1","Fiber_tracts"
"CGCAGAAACATTTGCG-1","Cortex"
"CGCAGATCTTCACCCG-1","Cortex"
"CGCAGGCGATCCAAAC-1","Cortex"
"CGCATCATGGCTTCAG-1","Cortex"
"CGCATCCATCAGCCAG-1","Cortex"
"CGCATGGTGCGATGCT-1","Thalamus"
"CGCATTAGCTAATAGG-1","Fiber_tracts"
"CGCCAAGAAGCCGAGT-1","Hypothalamus"
"CGCCACAGGTCGCGAT-1","Hypothalamus"
"CGCCATCCGATTATGA-1","Caudoputamen"
"CGCCCGCTTCCGTACA-1","Fiber_tracts"
"CGCCCTTGAAGGCTGA-1","Amygdala"
"CGCCGCCCATGCCTGT-1","Fiber_tracts"
"CGCCGTCTACCCATCG-1","Cortex"
"CGCCGTTCAGCATAGT-1","Cortex"
"CGCCTCCCTCCTCTAT-1","Thalamus"
"CGCCTGGCCTACGTAA-1","Hypothalamus"
"CGCCTTTAGCATGCTC-1","Cortex"
"CGCGAGAGGGACTTGT-1","Cortex"
"CGCGCATGTTTGATTG-1","Thalamus"
"CGCGCCCGACTTAATA-1","Caudoputamen"
"CGCGGCTCAACTTGAA-1","Hippocampus"
"CGCGGGAATTAGGCAG-1","Fiber_tracts"
"CGCGGTAAGTCTAGCT-1","Cortex"
"CGCGGTCACAAACCAA-1","Cortex"
"CGCGTTCATGAAATAC-1","Fiber_tracts"
"CGCTACGGGACATTTA-1","Thalamus"
"CGCTAGAGACCGCTGC-1","Fiber_tracts"
"CGCTATACCGCCCACT-1","Amygdala"
"CGCTATTCAATGTATG-1","Amygdala"
"CGCTATTCTTAGGCTC-1","Thalamus"
"CGCTCGACATAATGAT-1","Amygdala"
"CGCTCTCCGTAGATTA-1","Fiber_tracts"
"CGCTGGTGACTACCCT-1","Hippocampus"
"CGCTGTGACGCCGCAC-1","Amygdala"
"CGCTTATTCCCGGTCG-1","Hypothalamus"
"CGCTTCCACTGAAATC-1","Amygdala"
"CGCTTTCATACCGGTG-1","Amygdala"
"CGCTTTCTTGCATTCG-1","Fiber_tracts"
"CGGAAATTTCACATCC-1","Cortex"
"CGGAACGTAAACATAG-1","Thalamus"
"CGGACGTTACTTGAAG-1","Hypothalamus"
"CGGAGCAATTTAATCG-1","Thalamus"
"CGGAGCATGGCGATCC-1","Thalamus"
"CGGAGCTTATAACACC-1","Cortex"
"CGGAGTTTGAGAGACA-1","Amygdala"
"CGGATAAGCGGACATG-1","Amygdala"
"CGGCAAACATCGTGCG-1","Thalamus"
"CGGCAATAAGATCGCC-1","Cortex"
"CGGCACCGTTAGCGCC-1","Cortex"
"CGGCACTCAAGAAAGT-1","Cortex"
"CGGCAGGGTCGGGTTG-1","Fiber_tracts"
"CGGCCACGCACAAAGT-1","Thalamus"
"CGGCCCAACCTGTAGT-1","Cortex"
"CGGCCCAGGTATATCC-1","Cortex"
"CGGCTCTAAAGCTGCA-1","Cortex"
"CGGCTCTTCGTCGAAC-1","Cortex"
"CGGCTGCAAGATTAAG-1","Cortex"
"CGGCTTTGTATGATAA-1","Cortex"
"CGGGAATATAGTATAC-1","Cortex"
"CGGGAATTTATGTAAA-1","Thalamus"
"CGGGAGCTTCAGTGTA-1","Hippocampus"
"CGGGATCAATGTAAGA-1","Thalamus"
"CGGGCAGCTAAACCGC-1","Fiber_tracts"
"CGGGCCATAGCCGCAC-1","Cortex"
"CGGGCCTTCTTTGTAA-1","Thalamus"
"CGGGTGTACCCATTTA-1","Fiber_tracts"
"CGGGTTTGTTAGGGCT-1","Cortex"
"CGGTACTAGAATCAAA-1","Hippocampus"
"CGGTAGAGGTGCAGGT-1","Cortex"
"CGGTATAGGTATTAGC-1","Cortex"
"CGGTCAAGTGGGAACC-1","Caudoputamen"
"CGGTCTATCAACCCGT-1","Fiber_tracts"
"CGGTGAAGACTAAAGT-1","Hypothalamus"
"CGGTGCAGATAGAACG-1","Hypothalamus"
"CGGTGCGCGTTGGTCC-1","Thalamus"
"CGGTGGGCTCCAGCCT-1","Cortex"
"CGGTGTACTTGATCCC-1","Amygdala"
"CGGTTATCCAACAGTG-1","Cortex"
"CGGTTCAAGTAGGTGT-1","Cortex"
"CGGTTCCGGCTTCTTG-1","Cortex"
"CGGTTGACCTGGCATA-1","Hypothalamus"
"CGTAAACGCTTGAGTG-1","Cortex"
"CGTACCTGATAGGCCT-1","Caudoputamen"
"CGTAGCGAATTGTCAG-1","Cortex"
"CGTAGCGCCGACGTTG-1","Cortex"
"CGTATTAAGAGATCTA-1","Fiber_tracts"
"CGTCACGTCCATTGGT-1","Thalamus"
"CGTCAGTGCGCACAAG-1","Cortex"
"CGTCATACCATATCCA-1","Amygdala"
"CGTCGGATAGTGTTGA-1","Fiber_tracts"
"CGTCTGGAAGGGCCCG-1","Amygdala"
"CGTGAAGTTAATTCAC-1","Thalamus"
"CGTGACATTGGGTCGT-1","Cortex"
"CGTGCAGACTGGGACA-1","Thalamus"
"CGTGCATTGTCGACGC-1","Hypothalamus"
"CGTGCCCTCCCGAAGA-1","Thalamus"
"CGTGGAAGCCTCGTAC-1","Cortex"
"CGTGGCCGAATATCTA-1","Fiber_tracts"
"CGTGTCCCATTCGCGA-1","Amygdala"
"CGTGTGTTAAACCCTG-1","Cortex"
"CGTTAAACTAGTTAGG-1","Cortex"
"CGTTAGCTCACAACTG-1","Cortex"
"CGTTCATGGTGCGCGT-1","Hypothalamus"
"CGTTCTTCGCACACCT-1","Cortex"
"CGTTGAGCGACCGTCG-1","Thalamus"
"CGTTGAGTAATTGCGT-1","Cortex"
"CGTTGTAAGATTGATT-1","Cortex"
"CGTTGTTTCAATTCCC-1","Fiber_tracts"
"CGTTTAAGCGGAGCAC-1","Cortex"
"CGTTTCACTTCGGGCG-1","Cortex"
"CGTTTCGCTCATTACA-1","Thalamus"
"CGTTTGTGTAGAGGGT-1","Thalamus"
"CTAAAGAATGCCTACT-1","Fiber_tracts"
"CTAAAGGGAAATAGGA-1","Thalamus"
"CTAAATCCTATTCCGG-1","Caudoputamen"
"CTAACCGCGCGCCCGT-1","Hypothalamus"
"CTAACGAAACTTGCTG-1","Fiber_tracts"
"CTAACTGATAATCGCC-1","Cortex"
"CTAACTGGTCCGGTTC-1","Hypothalamus"
"CTAAGGGAATGATTGG-1","Thalamus"
"CTAATTCGCACGCGCT-1","Amygdala"
"CTAATTCTCAGATATT-1","Cortex"
"CTAATTTCAACAACAC-1","Amygdala"
"CTACACTCGCAGATGG-1","Cortex"
"CTACCCTAAGGTCATA-1","Fiber_tracts"
"CTACGAACTAGGTCGA-1","Cortex"
"CTACGACTAGCTATAA-1","Hypothalamus"
"CTACGCACGGAGTACC-1","Thalamus"
"CTACGCCATTTCCGAT-1","Cortex"
"CTACTATCATAGGTTT-1","Hypothalamus"
"CTACTATCTTTCAGAG-1","Fiber_tracts"
"CTACTCTAGGCCCGGC-1","Amygdala"
"CTACTGCCACCTGACC-1","Fiber_tracts"
"CTAGACTGCATTTCGT-1","Cortex"
"CTAGATGTGAGTGTAA-1","Cortex"
"CTAGATTTACGACGGC-1","Thalamus"
"CTAGCATAGTATAATG-1","Thalamus"
"CTAGCCGATGTTATGA-1","Cortex"
"CTAGGCGCCCTATCAG-1","Hippocampus"
"CTAGGTCTGAAGGAAT-1","Cortex"
"CTAGTATTCGGAATTA-1","Cortex"
"CTAGTCACGTCTTAAG-1","Thalamus"
"CTAGTGAAGGACAGGA-1","Fiber_tracts"
"CTAGTTACAACCCGGT-1","Thalamus"
"CTAGTTGGGCCCGGTA-1","Fiber_tracts"
"CTATAAGAGCCAATCG-1","Cortex"
"CTATCGACGAAATACA-1","Fiber_tracts"
"CTATCGGGTCTCAACA-1","Thalamus"
"CTATGGGAAGCGGAAT-1","Cortex"
"CTATGTCACTAGCCCA-1","Fiber_tracts"
"CTATGTCTATTGAAAC-1","Cortex"
"CTATGTGAGTCACGGC-1","Hypothalamus"
"CTATTCATGTGTCCCA-1","Thalamus"
"CTATTGTGTTTGGTCA-1","Cortex"
"CTATTTGGTTACGGAT-1","Fiber_tracts"
"CTCAAGACATTAGCGC-1","Cortex"
"CTCACTTGGCTGGTAA-1","Hypothalamus"
"CTCAGATTGTGATAAG-1","Hypothalamus"
"CTCAGGACTCACCTGT-1","Amygdala"
"CTCAGTCACGACAAAT-1","Cortex"
"CTCATGGCTCACAATC-1","Cortex"
"CTCATGGTAATTTGCG-1","Hypothalamus"
"CTCATTTGATGGGCGG-1","Thalamus"
"CTCCCAATGAGTCGCG-1","Cortex"
"CTCCCTCCTTTCGATC-1","Hypothalamus"
"CTCCGCCCACATGAGG-1","Hypothalamus"
"CTCCGGCCTAATATGC-1","Caudoputamen"
"CTCCGGCTTGTAGACA-1","Amygdala"
"CTCCTAAGTTATGTCT-1","Cortex"
"CTCCTGTTCAAGGCAG-1","Cortex"
"CTCCTTTACGCAAGTC-1","Cortex"
"CTCGAGGTCGAACAGT-1","Fiber_tracts"
"CTCGATATTTGCGAGC-1","Cortex"
"CTCGCACCTATATAGT-1","Thalamus"
"CTCGGGATAACACCTA-1","Cortex"
"CTCGGTACCACTGCTC-1","Thalamus"
"CTCGGTCCGTAGCCTG-1","Amygdala"
"CTCGTTTCTAATGTTT-1","Cortex"
"CTCTAATGCATTGATC-1","Cortex"
"CTCTACACTGGCGATT-1","Hypothalamus"
"CTCTATTTGGCTGCAG-1","Thalamus"
"CTCTCACAATCGATGA-1","Thalamus"
"CTCTCGATGTGCGCCT-1","Cortex"
"CTCTGCGAAGCAAGCA-1","Cortex"
"CTCTGGACGCCTGGTG-1","Thalamus"
"CTCTGTTTGAGGATTC-1","Cortex"
"CTCTTCTATTGACTGG-1","Fiber_tracts"
"CTCTTGTCCCGCTTGG-1","Thalamus"
"CTGAAAGAGATCCGAC-1","Caudoputamen"
"CTGAATCCGAGACCTC-1","Thalamus"
"CTGAATTTATTGCCAG-1","Cortex"
"CTGACATAGAAATAGA-1","Cortex"
"CTGACTGCGCAGCTCG-1","Cortex"
"CTGAGAAAGTTCGGCG-1","Cortex"
"CTGAGCAAGTAACAAG-1","Amygdala"
"CTGCACAACTACATAT-1","Hippocampus"
"CTGCACCTAGTCCACA-1","Cortex"
"CTGCACCTGGAACCGC-1","Amygdala"
"CTGCACTCCAGTACAG-1","Thalamus"
"CTGCCAAGGTTGGAAG-1","Caudoputamen"
"CTGCCATGCATCACAT-1","Thalamus"
"CTGCCTAGCCACCAAG-1","Cortex"
"CTGCCTCATATGCAAC-1","Cortex"
"CTGCGGGTGAAATGTT-1","Amygdala"
"CTGCGGTAGTCACGTG-1","Cortex"
"CTGCGTTACGATATAA-1","Cortex"
"CTGCTGAGGCCACGAA-1","Hypothalamus"
"CTGCTGTCTAACGAGC-1","Cortex"
"CTGCTTGGCGATAGCT-1","Hippocampus"
"CTGCTTTATGTCCGCG-1","Cortex"
"CTGGAAATGGATGCTT-1","Fiber_tracts"
"CTGGAAGACACGGTGG-1","Hippocampus"
"CTGGATTTACACTTGA-1","Thalamus"
"CTGGCATCCGAATGAG-1","Hypothalamus"
"CTGGCGACATAAGTCC-1","Cortex"
"CTGGCGCACAGGTCTG-1","Fiber_tracts"
"CTGGCGGGAATAAGTA-1","Amygdala"
"CTGGCTGATTCATCCT-1","Hippocampus"
"CTGGCTGGTTGTCAGT-1","Thalamus"
"CTGGGATAAATAATGG-1","Fiber_tracts"
"CTGGGATACGCTACCC-1","Cortex"
"CTGGGCCTGCTATATC-1","Hypothalamus"
"CTGGGTAGGCAGTTAA-1","Thalamus"
"CTGGTAACACATAGAA-1","Hippocampus"
"CTGGTAACGAGCTCTT-1","Cortex"
"CTGGTCCTAACTTGGC-1","Cortex"
"CTGGTTCAACGCATCA-1","Cortex"
"CTGGTTTCGAGCAAGA-1","Hippocampus"
"CTGTACTTCTTAGCAT-1","Thalamus"
"CTGTATGGTGTAGAAA-1","Amygdala"
"CTGTCAAATGGCTCGG-1","Caudoputamen"
"CTGTCACGCCAGGCGC-1","Cortex"
"CTGTGCAGGGTAGGTC-1","Thalamus"
"CTGTGGTCGGGAGATA-1","Hippocampus"
"CTGTTACCCAATCTAG-1","Thalamus"
"CTGTTCACTGCCTGTG-1","Thalamus"
"CTGTTCATCTCACGGG-1","Amygdala"
"CTTAACTTCGAAGTAC-1","Cortex"
"CTTACACGGTATTCCA-1","Thalamus"
"CTTACACTGGGAAATA-1","Amygdala"
"CTTAGCCTTCCACATG-1","Caudoputamen"
"CTTAGTAGGCCTACAG-1","Cortex"
"CTTATGCGCTCAGGGC-1","Hypothalamus"
"CTTATGTTGACTACCA-1","Cortex"
"CTTCATAGCTCAAGAA-1","Amygdala"
"CTTCATTGTCAGTGGA-1","Thalamus"
"CTTCCGCTCCGTGAAG-1","Thalamus"
"CTTCGGCCAATTGTTT-1","Cortex"
"CTTCGTAGATAGGTGA-1","Thalamus"
"CTTCTATGTTGAAGTA-1","Hypothalamus"
"CTTCTATTAATGCTAG-1","Thalamus"
"CTTCTTACGTCGTATA-1","Cortex"
"CTTGACCCGAAAGATA-1","Cortex"
"CTTGAGGTTATCCCGA-1","Cortex"
"CTTGAGTTAGGGTAAT-1","Hippocampus"
"CTTGCAACCGCCTCCT-1","Hypothalamus"
"CTTGCCCAGGCTCTAC-1","Thalamus"
"CTTGTACTTGTTGACT-1","Amygdala"
"CTTGTCAACATTCGAG-1","Thalamus"
"CTTGTGAGTCTTTGAC-1","Cortex"
"CTTGTGCTCACCGATT-1","Cortex"
"CTTGTTGCTGAGTCAA-1","Thalamus"
"CTTGTTTATGTAGCCA-1","Amygdala"
"CTTTAACTTTCAAAGG-1","Thalamus"
"CTTTAATATTGGTCGA-1","Hippocampus"
"CTTTACCGAATAGTAG-1","Hippocampus"
"CTTTAGGAACACTGTT-1","Hippocampus"
"CTTTAGTGCTATTATT-1","Thalamus"
"CTTTCTGTGCGGGCTT-1","Thalamus"
"CTTTGCTGTCATGGAT-1","Cortex"
"CTTTGGCTTTAGTAAA-1","Fiber_tracts"
"GAAACAGATGACCACC-1","Hippocampus"
"GAAACAGCCATGCAGT-1","Cortex"
"GAAACCATGGTGCGCT-1","Cortex"
"GAAACCGAATTACCTT-1","Thalamus"
"GAAACTCGTGCGATGC-1","Amygdala"
"GAAACTCTAATGAAGG-1","Cortex"
"GAAAGAACAGCGTTAT-1","Cortex"
"GAAAGCAGTGCACTTT-1","Thalamus"
"GAAAGCCCTTTGGACC-1","Hypothalamus"
"GAAAGTGACTAACTGC-1","Amygdala"
"GAAATACCTGCTGGCT-1","Cortex"
"GAAATACTAAACGTTT-1","Amygdala"
"GAAATATCACCATCAG-1","Fiber_tracts"
"GAAATATGCTTGAATG-1","Cortex"
"GAAATCGCGCGCAACT-1","Caudoputamen"
"GAAATGGCGGTGTTAG-1","Fiber_tracts"
"GAAATGGGATGTAAAC-1","Cortex"
"GAAATTAGCACGGATA-1","Cortex"
"GAAATTCACATCGCTG-1","Cortex"
"GAAATTGTCTCTATAA-1","Thalamus"
"GAACACACATCAACCA-1","Thalamus"
"GAACCTCGACCTACAC-1","Hypothalamus"
"GAACGACCGAATGATA-1","Caudoputamen"
"GAACGCGGGTCACACG-1","Cortex"
"GAACGTCTCATGGTCG-1","Fiber_tracts"
"GAAGAACGGTGCAGGT-1","Amygdala"
"GAAGCGTGAGGAATTT-1","Thalamus"
"GAAGCTTGCTGACCGC-1","Amygdala"
"GAAGTCAGTTGCACTA-1","Thalamus"
"GAAGTCTCCCTAGCGA-1","Fiber_tracts"
"GAAGTGATTTATCGTG-1","Thalamus"
"GAAGTGCTGGATAGCT-1","Amygdala"
"GAAGTTTCCACTCAAT-1","Fiber_tracts"
"GAATAGACGCGACCCA-1","Hippocampus"
"GAATAGCATTTAGGGT-1","Cortex"
"GAATAGCCCTGCGGTC-1","Cortex"
"GAATATTCGGAGTCCC-1","Cortex"
"GAATCGACATGGTCAC-1","Amygdala"
"GAATCGCCGGACACGG-1","Cortex"
"GAATCTGAACATTCTC-1","Thalamus"
"GAATGCCGAAATGACC-1","Amygdala"
"GAATGTATGGCAGGTC-1","Cortex"
"GAATGTGGTCCGGATT-1","Thalamus"
"GAATGTTGGGTAATCT-1","Thalamus"
"GAATTATAGTGAAAGG-1","Thalamus"
"GAATTCACCCGGGTGT-1","Thalamus"
"GAATTTCTCGCTGCAG-1","Amygdala"
"GACAAACATATGCAGG-1","Fiber_tracts"
"GACAACGACCATTGAA-1","Caudoputamen"
"GACAACGCAGCTTACG-1","Amygdala"
"GACAAGAGATGAGATT-1","Cortex"
"GACACAAGGGAAGAAA-1","Thalamus"
"GACACGAGTTAGAGGA-1","Amygdala"
"GACACTGAGTTCAGTG-1","Thalamus"
"GACACTGGAACCCGAT-1","Cortex"
"GACAGATTTCTGGCTC-1","Hypothalamus"
"GACAGCCAGACCTGAC-1","Hippocampus"
"GACAGGCACACACTAT-1","Hypothalamus"
"GACATCGATTTATAAC-1","Thalamus"
"GACCAAACGTTGACTG-1","Cortex"
"GACCAGAGCCCTGTAG-1","Thalamus"
"GACCCGTCGCCGGCTA-1","Cortex"
"GACCGACGTGAAAGCA-1","Cortex"
"GACCGACTGAAGCGTC-1","Fiber_tracts"
"GACCGCGTCTGACGTG-1","Cortex"
"GACCGTCAGGTCGTGA-1","Cortex"
"GACCGTGCTGACGGTG-1","Thalamus"
"GACGACGATCCGCGTT-1","Thalamus"
"GACGAGGCTAATAAAC-1","Cortex"
"GACGCCGTAAAGGCTA-1","Thalamus"
"GACGCCTGTTGCAGGG-1","Cortex"
"GACGCTTGCTTCTAAA-1","Hypothalamus"
"GACGGACCGCGTTCCT-1","Cortex"
"GACGGTCAATAGAAGC-1","Cortex"
"GACGTGAGACTCCATG-1","Cortex"
"GACGTGTAGGGATTAT-1","Amygdala"
"GACGTTCGTAAATACA-1","Cortex"
"GACTAACACAGCACCT-1","Cortex"
"GACTAAGATCATGCAC-1","Thalamus"
"GACTAAGTAGGCTCAC-1","Amygdala"
"GACTACAAAGCGGTGG-1","Hypothalamus"
"GACTACAATTGCTCGT-1","Cortex"
"GACTCACCCACGTGAG-1","Cortex"
"GACTCCCAGAATAAGG-1","Cortex"
"GACTCGCGGGAATGAC-1","Cortex"
"GACTGCACCAGCCCAG-1","Hippocampus"
"GAGACTGATGGGTAGA-1","Fiber_tracts"
"GAGACTTCGCGACCGA-1","Thalamus"
"GAGAGGGCGCGAGGTT-1","Hypothalamus"
"GAGAGGTGCATTCTGG-1","Hypothalamus"
"GAGATCTGCTTGGCAT-1","Fiber_tracts"
"GAGATCTGTCACTCCG-1","Fiber_tracts"
"GAGATCTTCCATGACA-1","Thalamus"
"GAGATGGGAGTCGACA-1","Thalamus"
"GAGCACGGCGCCTCTT-1","Cortex"
"GAGCATCATCCCTGGG-1","Cortex"
"GAGCCACGGTAGTAGG-1","Cortex"
"GAGCCAGCTACCTGTG-1","Hippocampus"
"GAGCGAGGGAGTACCG-1","Cortex"
"GAGCGCAAATACTCCG-1","Cortex"
"GAGCGCGCACGAGTAG-1","Hippocampus"
"GAGCTAAGGGCATATC-1","Fiber_tracts"
"GAGCTCTCGGACCTAA-1","Amygdala"
"GAGCTGTCGTCTCGGA-1","Cortex"
"GAGGAATGGAGAGGTT-1","Amygdala"
"GAGGATAAACAGTGCT-1","Cortex"
"GAGGCTATCAAAGTCG-1","Hypothalamus"
"GAGGGCATCGCGTATC-1","Cortex"
"GAGGGCGCAGCTCTGC-1","Fiber_tracts"
"GAGGTACATCCATCTT-1","Cortex"
"GAGGTCCCAAAGATCT-1","Amygdala"
"GAGTAAACCGGAAAGT-1","Cortex"
"GAGTAAGGCCACGGGA-1","Hypothalamus"
"GAGTACGGGTATACAA-1","Amygdala"
"GAGTATGCCCGCCTTG-1","Thalamus"
"GAGTCAGACCAGAATC-1","Thalamus"
"GAGTCCGCTTACCGGA-1","Thalamus"
"GAGTGTGCGGTACCCA-1","Hippocampus"
"GAGTTGATGGCAATTT-1","Hypothalamus"
"GATAAATCGGTGGATG-1","Amygdala"
"GATAACTCGCACTGTG-1","Hippocampus"
"GATAAGGCAGATGCAA-1","Cortex"
"GATACGATGGGAGTCA-1","Thalamus"
"GATAGGTAACGTTGAC-1","Thalamus"
"GATATCTCATGCAATA-1","Cortex"
"GATATGAGACACTAAC-1","Thalamus"
"GATATGCGGTAGCCAA-1","Cortex"
"GATATGGATTACGCGG-1","Amygdala"
"GATATTGAGATTGGCG-1","Fiber_tracts"
"GATATTTCCTACATGG-1","Cortex"
"GATCATTCCAAACATT-1","Fiber_tracts"
"GATCCCTTTATACTGC-1","Fiber_tracts"
"GATCCGGGAATTAACA-1","Thalamus"
"GATCCTAAATCGGGAC-1","Cortex"
"GATCCTCGACACTGGC-1","Hypothalamus"
"GATCCTCTTGCGCTTA-1","Cortex"
"GATCGACACTATCTGA-1","Fiber_tracts"
"GATCGCGGGCTCTCCA-1","Thalamus"
"GATCGCTACCCGATTT-1","Fiber_tracts"
"GATCGGATAGAACCAT-1","Hypothalamus"
"GATCGGTGGCCATAAC-1","Fiber_tracts"
"GATCGTGACTGATATC-1","Thalamus"
"GATCTCGACGCTGTGG-1","Cortex"
"GATCTTGGAGGGCATA-1","Thalamus"
"GATCTTTGCAGGGTAT-1","Fiber_tracts"
"GATGACGATGATCGCG-1","Cortex"
"GATGCCAGCAGAAGGC-1","Amygdala"
"GATGCGTCCTGCATTC-1","Thalamus"
"GATGCTACAAGCGCCT-1","Amygdala"
"GATGCTGTATTTCATC-1","Thalamus"
"GATGGCGCACACATTA-1","Amygdala"
"GATGGTGCCCTAGGCA-1","Cortex"
"GATGTAACGAACCACC-1","Hypothalamus"
"GATGTCCGGATCACAT-1","Cortex"
"GATGTCGGTCAACTGC-1","Cortex"
"GATGTGTTGTCACAAG-1","Cortex"
"GATGTTCAATCCACGA-1","Thalamus"
"GATGTTTGTGCGAGAT-1","Amygdala"
"GATTAACCGAAAGCCC-1","Fiber_tracts"
"GATTACTGAATTTGGG-1","Hypothalamus"
"GATTCCCTTGTCGCAG-1","Fiber_tracts"
"GATTCCGCGTTTCCGT-1","Fiber_tracts"
"GATTCCTATACGGCGC-1","Amygdala"
"GATTCGACGGTTCACG-1","Thalamus"
"GATTGACACTCTGCTC-1","Cortex"
"GCAAACCCTACATTAT-1","Hippocampus"
"GCAAACCTTGGCCATA-1","Thalamus"
"GCAAACGTCGCCAGGT-1","Cortex"
"GCAAATATTACGCTTT-1","Fiber_tracts"
"GCAACACACTAGAACT-1","Hypothalamus"
"GCAACAGCAGTATGCG-1","Cortex"
"GCAACCACCAGACCGG-1","Cortex"
"GCAACCACGGCCGCGT-1","Hypothalamus"
"GCAACGGCTAGTTATG-1","Cortex"
"GCAAGAATTCCTTGGC-1","Hypothalamus"
"GCAAGTGCACAGAGAA-1","Amygdala"
"GCACAAACGAGGCGTG-1","Cortex"
"GCACAAGTGTCGGAAG-1","Cortex"
"GCACACACTGGTAGCC-1","Fiber_tracts"
"GCACGCCTACTTAGAT-1","Thalamus"
"GCACTAGTCGCGCTAT-1","Amygdala"
"GCACTGTGCAAATGTA-1","Cortex"
"GCAGAAGGTAATCTCC-1","Cortex"
"GCAGACCCAGCACGTA-1","Cortex"
"GCAGATCCATAAGACT-1","Hippocampus"
"GCAGATTAGGGATATC-1","Thalamus"
"GCAGCACACAGCCCAG-1","Hypothalamus"
"GCAGCCTATATCACAT-1","Cortex"
"GCAGCGGTGGGCATTA-1","Cortex"
"GCAGGACTATAGAATA-1","Fiber_tracts"
"GCAGGTAGAGTATGGT-1","Cortex"
"GCAGTTCGATCCGAGC-1","Cortex"
"GCATACGAGGTCTTTA-1","Hypothalamus"
"GCATAGAGCACTCAGG-1","Thalamus"
"GCATCCCTAACTTTGA-1","Amygdala"
"GCATCGGCCGTGTAGG-1","Cortex"
"GCATGAGGGACGCGGC-1","Fiber_tracts"
"GCATTCAAGGCAACGC-1","Cortex"
"GCATTGTAATTCATAT-1","Hypothalamus"
"GCATTTCCAAGGCTCC-1","Cortex"
"GCCAACCATTTCCGGA-1","Cortex"
"GCCAAGAATACTTCTG-1","Hypothalamus"
"GCCAATAGGGCATCTC-1","Cortex"
"GCCACAATTTAAGGAC-1","Hypothalamus"
"GCCACTCAGAGCGCGA-1","Cortex"
"GCCACTCCTTACGGTA-1","Cortex"
"GCCAGGAGTAACCGAT-1","Cortex"
"GCCAGGCGTTCGCATG-1","Cortex"
"GCCATATTGCACACAG-1","Cortex"
"GCCATCGAGCTGCGTG-1","Thalamus"
"GCCATCGATGCTGCAT-1","Cortex"
"GCCCACCAAGGCTGTC-1","Cortex"
"GCCCAGATGCTGGAGA-1","Cortex"
"GCCCAGTTGGTATGCC-1","Amygdala"
"GCCCGACTTCTTCCCG-1","Hypothalamus"
"GCCCGATCTGTGGTCG-1","Thalamus"
"GCCCGCGCGTAAACGG-1","Thalamus"
"GCCCGCGCGTTTGACA-1","Amygdala"
"GCCCGTAATACCTTCT-1","Fiber_tracts"
"GCCGAAATTCCTACGT-1","Fiber_tracts"
"GCCGATTGGCCAAGCT-1","Thalamus"
"GCCGCACTCCGTTTCA-1","Cortex"
"GCCGCTTGTGAGAAAC-1","Fiber_tracts"
"GCCGGGTTAGGGTCGC-1","Thalamus"
"GCCGTGGAAGAAATGT-1","Cortex"
"GCCTAGCGATCTGACC-1","Amygdala"
"GCCTATAGTGTCAGGG-1","Fiber_tracts"
"GCCTATTCCGATATAG-1","Amygdala"
"GCCTATTTGCTACACA-1","Cortex"
"GCCTCATCTGGAAATA-1","Hippocampus"
"GCCTCTATACATAGCA-1","Thalamus"
"GCCTTCAGCCCTACCG-1","Amygdala"
"GCGAAACGATCGGGAG-1","Cortex"
"GCGAAACTTAACTGGA-1","Hippocampus"
"GCGAAGCCATACCCGT-1","Fiber_tracts"
"GCGACATGTAAACATC-1","Cortex"
"GCGACGATAGTTGTAC-1","Thalamus"
"GCGAGAGGCCATGTAA-1","Cortex"
"GCGAGAGTTGCGTCCA-1","Cortex"
"GCGAGCGCATGCTCCC-1","Cortex"
"GCGAGGCCCGAGCAGA-1","Thalamus"
"GCGAGTTCTGCAAAGA-1","Thalamus"
"GCGATTCTGGAAGCAG-1","Cortex"
"GCGATTGTTAACGTTA-1","Thalamus"
"GCGCAAGAGCGCGCTG-1","Fiber_tracts"
"GCGCATCCAGTCAGCA-1","Fiber_tracts"
"GCGCCGTTCCACGATA-1","Thalamus"
"GCGCCTCCCACTCCGA-1","Cortex"
"GCGCGTCATTGGTACA-1","Hippocampus"
"GCGCTAATTGAATAGA-1","Thalamus"
"GCGCTATGCCGAGGCA-1","Thalamus"
"GCGCTGATCCAGACTC-1","Cortex"
"GCGCTGCTTTGCATTT-1","Fiber_tracts"
"GCGCTTAAATAATTGG-1","Fiber_tracts"
"GCGGACCGCGTTGTGG-1","Thalamus"
"GCGGAGAGGGAGAACG-1","Thalamus"
"GCGGCTCTGACGTACC-1","Hypothalamus"
"GCGGGAACCAGGCCCT-1","Amygdala"
"GCGGGCATTACGATGC-1","Cortex"
"GCGGGCGAGCCTTACC-1","Thalamus"
"GCGGTCCCTAGACGCA-1","Cortex"
"GCGGTGAACTGCGCTC-1","Cortex"
"GCGGTTCCCTATCATG-1","Thalamus"
"GCGTAAATGGCCATAA-1","Cortex"
"GCGTCGAAATGTCGGT-1","Caudoputamen"
"GCGTCGCCAGGGTGAT-1","Thalamus"
"GCGTCTCTGCATTGGG-1","Hypothalamus"
"GCGTGGTACTGGGTTA-1","Fiber_tracts"
"GCGTTCGGAGACCGGG-1","Cortex"
"GCTAAACCTGAGGTGA-1","Amygdala"
"GCTAACTGAAGTCTGA-1","Fiber_tracts"
"GCTAAGTAGTTTCTCT-1","Fiber_tracts"
"GCTAATACCGAATGCC-1","Amygdala"
"GCTACAGTACGGACCG-1","Hypothalamus"
"GCTACGACTTATTGGG-1","Thalamus"
"GCTACTATAGTAGAGT-1","Hippocampus"
"GCTAGACCGTCTACTG-1","Cortex"
"GCTAGAGTAGAGATGT-1","Cortex"
"GCTAGCACCTGGGCCA-1","Cortex"
"GCTAGCAGGGAGTGGG-1","Cortex"
"GCTAGCTTGAATAGCT-1","Thalamus"
"GCTAGGCACCACGGAG-1","Hippocampus"
"GCTAGTAGAGCTTGTA-1","Thalamus"
"GCTAGTTTCATTGAGG-1","Amygdala"
"GCTATACGTCTCGGAC-1","Hippocampus"
"GCTATCATACTCATGG-1","Hippocampus"
"GCTATCGCGGCGCAAC-1","Amygdala"
"GCTCAATCCGTTTATT-1","Hypothalamus"
"GCTCATTACTGCATGT-1","Cortex"
"GCTCCCAGTCGGTCCA-1","Cortex"
"GCTCCGCTCGCTTCAG-1","Cortex"
"GCTCGCTCATGTCCAA-1","Fiber_tracts"
"GCTCGGAATTTAAAGC-1","Caudoputamen"
"GCTCTAAACCCTGACG-1","Thalamus"
"GCTCTATGTTACGTGC-1","Amygdala"
"GCTCTCGGGTACCGAA-1","Fiber_tracts"
"GCTGAACTCTCCAGGG-1","Cortex"
"GCTGAGGCGTGAGTAT-1","Thalamus"
"GCTGCACGGTTTCTTA-1","Thalamus"
"GCTGCTAAGTAGTCGA-1","Thalamus"
"GCTGCTACTGCGTAGC-1","Hippocampus"
"GCTGCTCTCCGGACAC-1","Thalamus"
"GCTGGACCCAAAGTGG-1","Cortex"
"GCTGGCATATTCACCT-1","Fiber_tracts"
"GCTGGCGGCGCATGCT-1","Thalamus"
"GCTGTATTACTGGCCC-1","Hypothalamus"
"GCTGTTGCTACCGAAC-1","Hippocampus"
"GCTTAATGTAACTAAC-1","Hippocampus"
"GCTTACGTAGTTAGTA-1","Cortex"
"GCTTATGAAGCAGGAA-1","Fiber_tracts"
"GCTTCCGTCCCTAGAC-1","Fiber_tracts"
"GCTTGATGATAATCAG-1","Amygdala"
"GCTTGGATCGATTAGG-1","Fiber_tracts"
"GCTTTCAGAGGAGGTG-1","Fiber_tracts"
"GGAAACCTTGTTGAAT-1","Cortex"
"GGAAACTAAATGGGCC-1","Cortex"
"GGAAAGTGCCCATGCC-1","Cortex"
"GGAACCGTGTAAATTG-1","Thalamus"
"GGAACTTTGGCGATTA-1","Cortex"
"GGAAGCTCGCTTACAG-1","Cortex"
"GGAATAACCTCAAGAA-1","Cortex"
"GGAATGCGCTAGCGTG-1","Fiber_tracts"
"GGACACAAGTTTACAC-1","Cortex"
"GGACCAACAGGATAAC-1","Thalamus"
"GGACCTACGGTAACGT-1","Cortex"
"GGACTCACAAATTAGG-1","Cortex"
"GGAGAAGTCATTGGCA-1","Amygdala"
"GGAGACGACACCTTTG-1","Thalamus"
"GGAGCAACATTTCAAG-1","Cortex"
"GGAGCACCAAGAACTA-1","Caudoputamen"
"GGAGGATTGAAAGGAG-1","Cortex"
"GGAGGCCGAAGTCGTC-1","Cortex"
"GGAGGGCTTGGTTGGC-1","Fiber_tracts"
"GGAGTGCCGCCCTGGA-1","Amygdala"
"GGATACTCATGAATTG-1","Cortex"
"GGATCAAAGGACGAGG-1","Cortex"
"GGATCATCCCGTACGC-1","Cortex"
"GGATCCGGAATATACT-1","Fiber_tracts"
"GGATCTTGACTCAACC-1","Hypothalamus"
"GGATGAAGATCGCTGA-1","Hippocampus"
"GGATGACGCGAGTTTA-1","Thalamus"
"GGATGCTGGCGTTCCT-1","Hypothalamus"
"GGATGTCCTTACCGCA-1","Fiber_tracts"
"GGATTAAGCTAAGGTC-1","Cortex"
"GGATTCAGTACGGTGG-1","Amygdala"
"GGATTCCGCTATACCC-1","Caudoputamen"
"GGATTTCACTTCTATA-1","Fiber_tracts"
"GGCAAAGGCGCCAATA-1","Hypothalamus"
"GGCAAATTACTTTACT-1","Thalamus"
"GGCAAGGCGAAATAGC-1","Thalamus"
"GGCAATAGTCAATGAG-1","Thalamus"
"GGCACTCCACTGGGCA-1","Fiber_tracts"
"GGCAGCAAACCTATGC-1","Cortex"
"GGCAGCGGTAATCCTA-1","Cortex"
"GGCATACAGGTAGCGG-1","Hypothalamus"
"GGCATATCGGTTCTGC-1","Cortex"
"GGCATCAACGAGCACG-1","Cortex"
"GGCCCGGAGCATGTCT-1","Cortex"
"GGCCCGTATACCATGC-1","Cortex"
"GGCCCTCACCCACTTA-1","Hypothalamus"
"GGCCTGCTTCTCCCGA-1","Cortex"
"GGCGAAATCTAACTTG-1","Hippocampus"
"GGCGCAGGACATCTTC-1","Hypothalamus"
"GGCGCATGAATTGATG-1","Thalamus"
"GGCGCGGAGATCTTTC-1","Hippocampus"
"GGCGCGTTCGAGTTTA-1","Thalamus"
"GGCGCTCCTCATCAAT-1","Amygdala"
"GGCGGAGTAATATTAG-1","Thalamus"
"GGCGGTAGGATCATTG-1","Thalamus"
"GGCGTCCTATCCGCTG-1","Fiber_tracts"
"GGCTAAAGGGCGGGTC-1","Cortex"
"GGCTATTAAGTTGTAT-1","Fiber_tracts"
"GGCTCGCGTTGAGGTA-1","Fiber_tracts"
"GGCTCGTGCCACCAGC-1","Amygdala"
"GGCTCTGCTCCAACGC-1","Fiber_tracts"
"GGCTGAAATAGCAAAG-1","Hippocampus"
"GGCTGAGCATCGTAAG-1","Cortex"
"GGCTGGCTAGCTTAAA-1","Cortex"
"GGGAACGGGAGGTTAG-1","Hypothalamus"
"GGGAATGAGCCCTCAC-1","Cortex"
"GGGACCCGTATATCTT-1","Thalamus"
"GGGACTGCATAGATAG-1","Thalamus"
"GGGAGAACTCACAGTA-1","Thalamus"
"GGGAGGATGCCCGAAA-1","Thalamus"
"GGGAGTAATGGCTGGC-1","Cortex"
"GGGAGTTAATGAGGCG-1","Thalamus"
"GGGATGGTCGTAACCG-1","Thalamus"
"GGGATTTACCGCACCT-1","Hippocampus"
"GGGCCCGTCTTAAACA-1","Thalamus"
"GGGCCCTACGAAAGGG-1","Hypothalamus"
"GGGCCGGCCGAAGTAC-1","Fiber_tracts"
"GGGCCTAAATGGGCTA-1","Hypothalamus"
"GGGCGATATGTGTGAA-1","Fiber_tracts"
"GGGCGCAGCGTTACTC-1","Cortex"
"GGGCGGCAAATGAATT-1","Thalamus"
"GGGCGGGTTCCCTACG-1","Hypothalamus"
"GGGCGGTCCTATTGTC-1","Amygdala"
"GGGCGTACATTTATAT-1","Thalamus"
"GGGCGTCACCACGTAA-1","Thalamus"
"GGGCGTCCACTGGCTC-1","Cortex"
"GGGCTCATCGAACCCA-1","Fiber_tracts"
"GGGCTGCCTAGGGCGA-1","Thalamus"
"GGGCTGGTTAGTCGCG-1","Fiber_tracts"
"GGGTACCCACGGTCCT-1","Amygdala"
"GGGTACTTCATGAACT-1","Hypothalamus"
"GGGTATGTATGCACTT-1","Amygdala"
"GGGTCACCGTGACGGT-1","Fiber_tracts"
"GGGTCGTGGCAAGTGT-1","Cortex"
"GGGTGACACCTTAACT-1","Thalamus"
"GGGTGCATATGAAAGC-1","Cortex"
"GGGTGGTCCAGCCTGT-1","Cortex"
"GGGTGTTTCAGCTATG-1","Caudoputamen"
"GGGTTAACATTTGAGT-1","Thalamus"
"GGGTTCAGACGAACAA-1","Amygdala"
"GGGTTTAGGATAGGAT-1","Cortex"
"GGTAAATGTGCGTTAC-1","Cortex"
"GGTAACTATGTATCTG-1","Cortex"
"GGTACAAACATGCTAT-1","Thalamus"
"GGTACACCAGATTTAT-1","Cortex"
"GGTACATCTGGGACGA-1","Hypothalamus"
"GGTACCATTAAGACGG-1","Cortex"
"GGTAGAAGACCGCCTG-1","Thalamus"
"GGTAGACCGTTGGGCG-1","Thalamus"
"GGTAGTGCTCGCACCA-1","Thalamus"
"GGTATAGTGACACATA-1","Cortex"
"GGTATTGCCGAGTTTA-1","Fiber_tracts"
"GGTCAAGACTACTTCG-1","Cortex"
"GGTCACGTTAGATTCA-1","Cortex"
"GGTCAGTGGGTCCCAC-1","Thalamus"
"GGTCGGATAAACGGCG-1","Cortex"
"GGTCGGCCAGGAGCTT-1","Fiber_tracts"
"GGTCGGTAATTAGACA-1","Cortex"
"GGTCGGTCGTCCACAG-1","Thalamus"
"GGTCGTAAGCTCGCAC-1","Hypothalamus"
"GGTCTCTGAATGGACT-1","Hypothalamus"
"GGTCTGAGAATCTGGA-1","Fiber_tracts"
"GGTGAAACCGGGAATG-1","Cortex"
"GGTGAACGGGCTAGCC-1","Cortex"
"GGTGAAGTACAGGGAT-1","Hypothalamus"
"GGTGAGATGCAGATAA-1","Amygdala"
"GGTGATAAGGAGCAGT-1","Thalamus"
"GGTGATTTCATCTTGT-1","Cortex"
"GGTGCAGAGCCTATCG-1","Cortex"
"GGTGCGGATAAGTGGC-1","Amygdala"
"GGTGCTGATCACAAAG-1","Amygdala"
"GGTGCTGGTACACATT-1","Thalamus"
"GGTGGACTGCTCTGGC-1","Hippocampus"
"GGTGGAGGTTGATACG-1","Cortex"
"GGTTACCACCCTCGGG-1","Hypothalamus"
"GGTTAGCTATATGTCT-1","Hippocampus"
"GGTTAGGCTTGGAGAA-1","Amygdala"
"GGTTAGTTACGGCGCC-1","Amygdala"
"GGTTCTACTCGTCTGA-1","Cortex"
"GGTTTAATTGAGCAGG-1","Cortex"
"GGTTTACAATCTCAAT-1","Fiber_tracts"
"GGTTTAGCCTTTCTTG-1","Fiber_tracts"
"GGTTTCAATCGGTCAG-1","Fiber_tracts"
"GGTTTGAGTGCTGGAA-1","Cortex"
"GTAACATCTAAGATAA-1","Cortex"
"GTAACTTGCGGCAGTC-1","Cortex"
"GTAAGCGGGCAGTCAG-1","Thalamus"
"GTAAGGATTTGTCGGA-1","Cortex"
"GTAAGTAACAGTCTGG-1","Thalamus"
"GTAAGTAGGGTATACC-1","Amygdala"
"GTAAGTCCACACTCTA-1","Cortex"
"GTAATAAAGGGCTCCC-1","Cortex"
"GTAATCTGATTCTTCG-1","Thalamus"
"GTACACTTACCTGAAG-1","Thalamus"
"GTACAGAGGCAAGGGT-1","Fiber_tracts"
"GTACGACGGCGCTGCG-1","Cortex"
"GTACGAGATTGCGACA-1","Caudoputamen"
"GTACGCTTCATTGCAC-1","Thalamus"
"GTACGTTTGCCCGTCA-1","Thalamus"
"GTACTAAGATTTGGAG-1","Fiber_tracts"
"GTACTCCCTTATCGCT-1","Hypothalamus"
"GTACTCCTGGGTATGC-1","Cortex"
"GTACTGAGGTCGTAAC-1","Cortex"
"GTACTGCATGAAGCGT-1","Cortex"
"GTACTGGAGTTAGACC-1","Fiber_tracts"
"GTACTTGGGCACTTCT-1","Amygdala"
"GTAGAAACGGGTGGAG-1","Amygdala"
"GTAGACAACCGATGAA-1","Cortex"
"GTAGACGTCGTTACAT-1","Amygdala"
"GTAGAGGGAGACAAGT-1","Hypothalamus"
"GTAGCCAAACATGGGA-1","Thalamus"
"GTAGCGCTGTTGTAGT-1","Cortex"
"GTAGCGGCTATACACT-1","Thalamus"
"GTAGCTTCCTCTTGTT-1","Fiber_tracts"
"GTAGGTGATCCGTGTA-1","Fiber_tracts"
"GTAGTCGCGGGAATCA-1","Hippocampus"
"GTATAGGACTCAGTAG-1","Caudoputamen"
"GTATCAAACGTTAGCT-1","Cortex"
"GTATCAGCTTGGGTTC-1","Amygdala"
"GTATCTTTCATAACCA-1","Thalamus"
"GTATGACGTGGGAAAC-1","Cortex"
"GTATGTGGGTCTAGTT-1","Hippocampus"
"GTATTAAGGCGTCTAA-1","Amygdala"
"GTATTCTGAGAAACGA-1","Hypothalamus"
"GTATTTAATGGCATAA-1","Cortex"
"GTCAAAGTTTACATAG-1","Amygdala"
"GTCAAGCGGACTCGGG-1","Thalamus"
"GTCAATTGTACTGAAG-1","Cortex"
"GTCACAAAGTTTCCAA-1","Cortex"
"GTCACTCTCCAAATCT-1","Amygdala"
"GTCAGAATAGTCTATG-1","Amygdala"
"GTCAGTTGTGCTCGTT-1","Cortex"
"GTCATGCACCTCCGTT-1","Fiber_tracts"
"GTCATGGACATGACTA-1","Fiber_tracts"
"GTCATTAGAGCGAACG-1","Thalamus"
"GTCATTGCATTGACCC-1","Amygdala"
"GTCCATTACTGCTACG-1","Cortex"
"GTCCCAACGTAAAGTA-1","Thalamus"
"GTCCCGCGACGTTATG-1","Hippocampus"
"GTCCGGACCTGAAATT-1","Hippocampus"
"GTCCGGCTGAATTGCG-1","Fiber_tracts"
"GTCCTACGAATAGTCT-1","Hippocampus"
"GTCCTTCTAGTGGGTT-1","Cortex"
"GTCGATAGGTGACTTT-1","Cortex"
"GTCGCGTAACCCGTTG-1","Thalamus"
"GTCGGATATCTCAGAC-1","Fiber_tracts"
"GTCGGATGTAGCGCGC-1","Fiber_tracts"
"GTCGTACCATCTCGGG-1","Thalamus"
"GTCGTATTGGCGTACA-1","Cortex"
"GTCGTCAATTATAAGG-1","Cortex"
"GTCGTGTCTGGTCATC-1","Cortex"
"GTCGTTATTCGCTTAT-1","Thalamus"
"GTCTACTCAATTACAA-1","Hypothalamus"
"GTCTATCTGAGTTTCT-1","Hypothalamus"
"GTCTATTGGTTCCGGT-1","Hippocampus"
"GTCTCGACTAAGTTTG-1","Cortex"
"GTCTCGATCTGCTTTC-1","Caudoputamen"
"GTCTGGGCGGTCGAGA-1","Thalamus"
"GTCTTAGTACAGCCGG-1","Cortex"
"GTCTTGAGGAGCAGTG-1","Cortex"
"GTCTTGTAGCTATTCA-1","Cortex"
"GTGAAACGGCGCCACC-1","Fiber_tracts"
"GTGAAACGTGCTCCAC-1","Cortex"
"GTGAACTCCCATTCGA-1","Cortex"
"GTGAAGATTTCAAGTG-1","Cortex"
"GTGAAGCCGTATAGTC-1","Cortex"
"GTGAAGTCACGACTCG-1","Hypothalamus"
"GTGACCGCACACTACG-1","Hippocampus"
"GTGACGAGGGTGACCC-1","Cortex"
"GTGACTTCAGTAGTGC-1","Thalamus"
"GTGAGCGTGCTGCACT-1","Fiber_tracts"
"GTGAGGACACTTAAGG-1","Thalamus"
"GTGAGGAGCGGTTGAG-1","Cortex"
"GTGAGTGGTACAACGC-1","Thalamus"
"GTGATCACTAACGCCT-1","Hippocampus"
"GTGATCATAGATCTGC-1","Thalamus"
"GTGATGCACAACATCT-1","Cortex"
"GTGATTCGCCGCTCAA-1","Thalamus"
"GTGCAACAAATGTGGC-1","Cortex"
"GTGCACGAAAGTGACT-1","Caudoputamen"
"GTGCCATCACACGGTG-1","Hypothalamus"
"GTGCCCGTTCGGATTC-1","Fiber_tracts"
"GTGCCGCTTCAAAGGT-1","Thalamus"
"GTGCCTCAGTGTACGG-1","Cortex"
"GTGCGAAATCGAACAC-1","Thalamus"
"GTGCGACAGGGAGTGT-1","Fiber_tracts"
"GTGCGGGACCATCGGC-1","Cortex"
"GTGCGGGTCTCCAAAT-1","Caudoputamen"
"GTGCGTGTATATGAGC-1","Fiber_tracts"
"GTGCTCAAGTACTGTC-1","Fiber_tracts"
"GTGCTTACATCAGCGC-1","Cortex"
"GTGGAACCTACATGCG-1","Cortex"
"GTGGACCAACCCGATT-1","Hypothalamus"
"GTGGACGCATTTGTCC-1","Thalamus"
"GTGGACGTGCTGAGAC-1","Amygdala"
"GTGGAGTCGGCGGTTG-1","Thalamus"
"GTGGCAAACAGCGGCA-1","Hypothalamus"
"GTGGCGGTCCCAGCGT-1","Hypothalamus"
"GTGGGAAGACTGAATC-1","Hypothalamus"
"GTGGGCTTAGACACAC-1","Amygdala"
"GTGGTCAGCGAAGTAT-1","Cortex"
"GTGGTGGCCAAGTGAA-1","Thalamus"
"GTGGTTACTTCTTTCG-1","Cortex"
"GTGGTTTCCGCCTTTC-1","Hypothalamus"
"GTGTACCTTGGCTACG-1","Fiber_tracts"
"GTGTATGACTTTAAAG-1","Cortex"
"GTGTCGTATAGCGTTC-1","Hippocampus"
"GTGTGAATAACTTAGG-1","Fiber_tracts"
"GTGTTACTATGCGTCC-1","Thalamus"
"GTTAAAGTAGGACTGG-1","Hippocampus"
"GTTAACATCACTTAAA-1","Thalamus"
"GTTAACTATGTTGTCA-1","Cortex"
"GTTAAGTTAGAGTGGG-1","Cortex"
"GTTACAATTGGTGACG-1","Hypothalamus"
"GTTACCTACAACTTGC-1","Thalamus"
"GTTACTTTGGGCCTAG-1","Thalamus"
"GTTAGAGTGTGCCGCT-1","Cortex"
"GTTAGCCGTAAATCAA-1","Cortex"
"GTTATAATACGGTGAA-1","Cortex"
"GTTATATCAGGAGCCA-1","Cortex"
"GTTATATTATCTCCCT-1","Thalamus"
"GTTATCACCTTCTGAA-1","Cortex"
"GTTATTAACGTGGGAG-1","Amygdala"
"GTTCAATCTATGTCAA-1","Cortex"
"GTTCACAGGAGTCTAG-1","Hypothalamus"
"GTTCATCGTTTGGCTG-1","Cortex"
"GTTCCAGTCTGACCAT-1","Amygdala"
"GTTCGCCATAAGTGCC-1","Thalamus"
"GTTCGCTGAGACGTCT-1","Cortex"
"GTTCGGATCGGGAACA-1","Cortex"
"GTTCGGGCGTACCATT-1","Cortex"
"GTTCGTCTAAAGAACT-1","Hippocampus"
"GTTCTTCCCTCGATGT-1","Amygdala"
"GTTGAACCGGTTCCAT-1","Hypothalamus"
"GTTGAGTCCCGCCGGT-1","Hippocampus"
"GTTGCACGGAGTTTCG-1","Amygdala"
"GTTGCGCTAACATTAC-1","Cortex"
"GTTGCGGACGGTCAGG-1","Cortex"
"GTTGGATTCAGTGGCT-1","Cortex"
"GTTGGATTGAGAACAC-1","Fiber_tracts"
"GTTGGATTTGCGTTGG-1","Thalamus"
"GTTGGTCATGCTATCC-1","Thalamus"
"GTTGTCGTGTTAGTTG-1","Amygdala"
"GTTTACGTTCCATCTG-1","Thalamus"
"GTTTCATATCGTCGCT-1","Hypothalamus"
"GTTTCCTGGAGGGTGA-1","Thalamus"
"GTTTCTGCAGTCTCCC-1","Thalamus"
"GTTTGACCAAATCCTA-1","Fiber_tracts"
"GTTTGGCCCAAGTTAT-1","Thalamus"
"GTTTGGCCGCTCAGCG-1","Cortex"
"GTTTGGGCTTGTGAGC-1","Thalamus"
"GTTTGGTAGGGTCAAC-1","Thalamus"
"TAAACCCAGGAGGGCA-1","Hypothalamus"
"TAAAGACAACCCTTTA-1","Cortex"
"TAAAGAGCCCGAAACC-1","Cortex"
"TAAAGCGTTAGGAGAA-1","Caudoputamen"
"TAAAGCTGCAATAGGG-1","Cortex"
"TAAATGAATCCGTTTC-1","Amygdala"
"TAAATGCCGTCTCATG-1","Cortex"
"TAACAAAGGGAGAAGC-1","Amygdala"
"TAACAATATTTGTTGC-1","Amygdala"
"TAACATACAATGTGGG-1","Thalamus"
"TAACCGCCCGCAGTGC-1","Cortex"
"TAACCTACCGTCCGAG-1","Cortex"
"TAACCTAGGGAGTCCA-1","Cortex"
"TAACGCTTTGAGAGCG-1","Amygdala"
"TAACTATCGAAGGTCC-1","Amygdala"
"TAACTATTACGCCAAA-1","Cortex"
"TAACTCATCCGCGCGG-1","Thalamus"
"TAACTCCATGGAGGCT-1","Amygdala"
"TAAGCAGGCGACACGC-1","Hypothalamus"
"TAAGGAACTTGTGGGA-1","Amygdala"
"TAAGGCAACATAAGAT-1","Fiber_tracts"
"TAAGGCTGAATCCCTC-1","Hippocampus"
"TAAGGGCCTGTCCGAT-1","Cortex"
"TAAGTAACATCTTGAC-1","Thalamus"
"TAAGTCGCCGAGTATC-1","Hypothalamus"
"TAAGTTGCGACGTAGG-1","Fiber_tracts"
"TAATAAACAAGGAGAT-1","Cortex"
"TAATACACAGTAGTAT-1","Caudoputamen"
"TAATAGAACAGAGTTA-1","Hypothalamus"
"TAATAGTGACGACCAG-1","Caudoputamen"
"TAATATTGAAATTCGC-1","Amygdala"
"TAATCGATCCGTACGT-1","Cortex"
"TAATGAAAGACCCTTG-1","Amygdala"
"TAATTAGATGGATATG-1","Cortex"
"TAATTAGGACATCCGT-1","Cortex"
"TAATTGGAATCGGGAA-1","Cortex"
"TACAACGCACAACTCA-1","Thalamus"
"TACAAGTCTCGTGCAT-1","Fiber_tracts"
"TACACCGTCGTTAGTC-1","Cortex"
"TACATAGGCATACACC-1","Thalamus"
"TACATCCCTATCCCTG-1","Hypothalamus"
"TACATTTCTAACGTGC-1","Thalamus"
"TACCAATAAAGTACCA-1","Hippocampus"
"TACCAGAAGTAGGTTC-1","Thalamus"
"TACCAGCTAGGTTTAA-1","Cortex"
"TACCGCGGACTTGCAG-1","Fiber_tracts"
"TACCGGCTCACTGCCC-1","Thalamus"
"TACCGGTCGTTTCCAT-1","Hypothalamus"
"TACCGTGCCTCGGACC-1","Thalamus"
"TACCTCACGCTTGTAC-1","Amygdala"
"TACCTGCTGCACTGTG-1","Amygdala"
"TACCTTAAGATTTCCC-1","Hypothalamus"
"TACGAACACGACTTCA-1","Fiber_tracts"
"TACGACGCTTGCTGCG-1","Thalamus"
"TACGACTGCCTCTTAG-1","Thalamus"
"TACGAGAACTTCACGT-1","Fiber_tracts"
"TACGATGTTGATCATC-1","Fiber_tracts"
"TACGCAGTTCTTTCCT-1","Thalamus"
"TACGCCATATTCTAAT-1","Thalamus"
"TACGCCTCCATTCCGA-1","Thalamus"
"TACGCTATAGAAACCT-1","Cortex"
"TACGGGATGCTAGCAG-1","Caudoputamen"
"TACGTGCACTATGCTG-1","Amygdala"
"TACGTTTACCGGCAAT-1","Hypothalamus"
"TACTCGGCACGCCGGG-1","Hypothalamus"
"TACTCTCCGAACAAAT-1","Caudoputamen"
"TACTCTTACTTTACTG-1","Cortex"
"TACTGCAATCAATTAC-1","Cortex"
"TACTGGACAGCTCGGC-1","Hypothalamus"
"TACTGTTTCTCTGGTA-1","Cortex"
"TACTTGTTAGTAGTCC-1","Fiber_tracts"
"TACTTTACTGAGCCGG-1","Fiber_tracts"
"TACTTTCCGCACGCCA-1","Hypothalamus"
"TAGAAACCACTAAGTA-1","Cortex"
"TAGAAAGGTGGCGCTA-1","Fiber_tracts"
"TAGAATTAAGGGCAAC-1","Cortex"
"TAGACGCCCGTACCGG-1","Fiber_tracts"
"TAGACTACCTAGCGTT-1","Cortex"
"TAGAGATCATGCAACT-1","Hypothalamus"
"TAGAGCTACGAAGAAC-1","Cortex"
"TAGAGGTTCTACTTGT-1","Fiber_tracts"
"TAGAGTCTAAGCGAAC-1","Fiber_tracts"
"TAGATATGGACTGGAA-1","Thalamus"
"TAGATCCGAAGTCGCA-1","Cortex"
"TAGATGGTTCCTTACT-1","Cortex"
"TAGCAACCTGTCACAA-1","Amygdala"
"TAGCCATTTCAAAGTC-1","Hippocampus"
"TAGCCGGCGGTCAGCG-1","Fiber_tracts"
"TAGCGTCCCTCGATTG-1","Cortex"
"TAGCGTCCGGTGTGGT-1","Hippocampus"
"TAGCGTTGGGTCTTAC-1","Thalamus"
"TAGCTAAGTCCGGGAG-1","Fiber_tracts"
"TAGCTAGAAGGCATGA-1","Thalamus"
"TAGCTCGCCTGATAAC-1","Thalamus"
"TAGCTGATGTGAAGCG-1","Hypothalamus"
"TAGGAACAGCCTCCAG-1","Cortex"
"TAGGCATGTTACGCCA-1","Caudoputamen"
"TAGGGAGCTTGGGATG-1","Fiber_tracts"
"TAGGGTGTTTCAAGAG-1","Thalamus"
"TAGGTCCAAGTAAGGA-1","Amygdala"
"TAGGTCGCCGGAACTG-1","Cortex"
"TAGGTGAGCCCTACTC-1","Amygdala"
"TAGGTGCTCGCCTAGC-1","Hippocampus"
"TAGGTTCGAGTTCGTC-1","Thalamus"
"TAGTACCTTAGTGGTC-1","Amygdala"
"TAGTCCGCAGAGAATG-1","Thalamus"
"TAGTCGATCACGGGTT-1","Hippocampus"
"TAGTCTAACAACGAGA-1","Hypothalamus"
"TAGTCTGTGACGTTGC-1","Cortex"
"TAGTCTTTCCGAATTG-1","Cortex"
"TAGTGCCCTCCAGAGT-1","Fiber_tracts"
"TAGTGTCAGAAACGGC-1","Amygdala"
"TAGTTAAGATAGGATA-1","Cortex"
"TAGTTTATTCTTGCTT-1","Cortex"
"TATAAATCCACAAGCT-1","Amygdala"
"TATAAGTGAGGATAGC-1","Amygdala"
"TATACACAGACGCCTT-1","Thalamus"
"TATACACGCAAAGTAT-1","Amygdala"
"TATACCGAGTGCCACA-1","Cortex"
"TATACTCATGCGGCAA-1","Amygdala"
"TATAGATGGTCGCAGT-1","Fiber_tracts"
"TATAGCGCACGTTATC-1","Hypothalamus"
"TATAGGGTACTCATGA-1","Hypothalamus"
"TATATCCCTGGGAGGA-1","Fiber_tracts"
"TATATTACAAATGTCG-1","Cortex"
"TATATTCGCGTCGATA-1","Cortex"
"TATCACAGCACGGGCA-1","Cortex"
"TATCACCATGTAAAGT-1","Cortex"
"TATCACCCAACCGACC-1","Cortex"
"TATCACTTCGAGTAAC-1","Cortex"
"TATCCAATTGGTTATC-1","Hippocampus"
"TATCCATATCATGCGA-1","Amygdala"
"TATCCTGCATGGGAAT-1","Amygdala"
"TATCGATCTATGCATA-1","Fiber_tracts"
"TATCGATGATTAAACG-1","Thalamus"
"TATCTACAGAGGTAAT-1","Amygdala"
"TATCTACCACAGCGGG-1","Thalamus"
"TATGAAGACAGGTGCG-1","Amygdala"
"TATGATAAATCTAACG-1","Cortex"
"TATGATCCGGCACGCC-1","Cortex"
"TATGCTCCCTACTTAC-1","Fiber_tracts"
"TATGGAGTTTCTCGTT-1","Cortex"
"TATGGATGTGCTACGC-1","Fiber_tracts"
"TATGGCCCGGCCTCGC-1","Amygdala"
"TATGGGACCGAGCAGG-1","Thalamus"
"TATGGGTACGTATCGT-1","Thalamus"
"TATGGTCTGAGTAACA-1","Thalamus"
"TATGGTTAGTGGGAGA-1","Cortex"
"TATGTCAAGACCGACT-1","Cortex"
"TATGTCTCATTGTGCC-1","Fiber_tracts"
"TATTACCATCCTGCTT-1","Fiber_tracts"
"TATTCAATTCTAATCC-1","Thalamus"
"TATTCCACTCAGCTCG-1","Thalamus"
"TATTCCGAGCTGTTAT-1","Hippocampus"
"TATTCCGGCAGTCCTA-1","Cortex"
"TATTCCTCCGCCCACT-1","Hypothalamus"
"TATTCGTGCCAGAATA-1","Thalamus"
"TATTGACATTTCTGCC-1","Cortex"
"TATTTAGTCTAGATCG-1","Caudoputamen"
"TATTTATACCGAGTAG-1","Cortex"
"TATTTGATTTGCACAG-1","Cortex"
"TATTTGTTACCCTTTA-1","Amygdala"
"TCAAACAACCGCGTCG-1","Thalamus"
"TCAAACTTAGATTGTT-1","Thalamus"
"TCAACAAAGATAATTC-1","Hypothalamus"
"TCAACACATTGGGTAA-1","Cortex"
"TCAACATCGACCGAGA-1","Hypothalamus"
"TCAACCATGTTCGGGC-1","Thalamus"
"TCAACGAGGAGACAAA-1","Thalamus"
"TCAACGCAGGAAATAA-1","Hypothalamus"
"TCAACGCGACCGGCAG-1","Hypothalamus"
"TCAACTAACGTATAAC-1","Amygdala"
"TCAACTGCAGAGTCAG-1","Cortex"
"TCAAGAAATACTAGCT-1","Cortex"
"TCAAGCGCGGACGGTA-1","Cortex"
"TCAAGGTTACTACACC-1","Cortex"
"TCACAGCAAACTCGAA-1","Thalamus"
"TCACAGGAGAATAAGA-1","Thalamus"
"TCACAGGGAATCGCAA-1","Hippocampus"
"TCACAGGTTATTGGGC-1","Thalamus"
"TCACATCTTATCTGAT-1","Amygdala"
"TCACCCTCTTAAGATT-1","Thalamus"
"TCACCGCTCGGCACTC-1","Fiber_tracts"
"TCACGATGTCCGTGGA-1","Hypothalamus"
"TCACGCATTGTAGATC-1","Fiber_tracts"
"TCACGGTCATCGCACA-1","Amygdala"
"TCACGTGCCCGATTCA-1","Thalamus"
"TCACTACGACCAATGC-1","Cortex"
"TCACTCGTGCAACGGC-1","Cortex"
"TCAGAACCTCCACAGG-1","Cortex"
"TCAGACGCTATAGAAG-1","Thalamus"
"TCAGCAAATGCATCTC-1","Thalamus"
"TCAGGGCGCAAACTCG-1","Amygdala"
"TCAGGGTGCACGAAAC-1","Cortex"
"TCAGGGTGTAACGTAA-1","Fiber_tracts"
"TCAGGTTCTTTGAGAA-1","Fiber_tracts"
"TCAGTACTGACCCGCG-1","Amygdala"
"TCAGTAGGGACTATAA-1","Thalamus"
"TCAGTTACGGAATGAT-1","Cortex"
"TCATACTTACAGATCC-1","Amygdala"
"TCATCACTCGAGCTCG-1","Amygdala"
"TCATCCCAGAGGGTGG-1","Cortex"
"TCATGCAGGTTCTCAT-1","Cortex"
"TCATTTAAGTCTCCGA-1","Fiber_tracts"
"TCATTTAGAAGTGTGA-1","Cortex"
"TCCAACTTTAAATTCT-1","Hypothalamus"
"TCCACAATGGTTTACG-1","Fiber_tracts"
"TCCACTTTATCTAGGT-1","Fiber_tracts"
"TCCAGAGCACCGGTTC-1","Thalamus"
"TCCAGATGTACGCCAA-1","Cortex"
"TCCAGCGCTATAAGCG-1","Cortex"
"TCCAGGCGAGTACGGT-1","Fiber_tracts"
"TCCATTGTGACCTCGT-1","Cortex"
"TCCCAAACAGACAACG-1","Cortex"
"TCCCAAAGACGAAGGA-1","Fiber_tracts"
"TCCCAAAGCCCTAAAT-1","Cortex"
"TCCCACTCTCTTCCGG-1","Cortex"
"TCCCAGCTTTAGTCTG-1","Thalamus"
"TCCCAGGCTTAGCTAA-1","Thalamus"
"TCCCGCGTACTCCTGG-1","Fiber_tracts"
"TCCCGGGTGTGCTGCT-1","Hypothalamus"
"TCCCGGTCAGGAATTT-1","Cortex"
"TCCCGTCAGTCCCGCA-1","Caudoputamen"
"TCCCGTCGCGTCATAG-1","Cortex"
"TCCCGTGTGCAATTTG-1","Thalamus"
"TCCCTAGATCAATAGG-1","Cortex"
"TCCCTGGCTCGCTGGA-1","Fiber_tracts"
"TCCCTTAGATTACTCG-1","Cortex"
"TCCGAACGTTGCCGCT-1","Cortex"
"TCCGAATGGTCCTGAG-1","Cortex"
"TCCGAGAAGGCTAAGC-1","Cortex"
"TCCGATAATTGCCATA-1","Caudoputamen"
"TCCGATGACTGAGCTC-1","Caudoputamen"
"TCCGATGGTGCGACAT-1","Thalamus"
"TCCGATTACATTGCCG-1","Fiber_tracts"
"TCCGCGGCAGCATCTG-1","Fiber_tracts"
"TCCGCGGCCCAATGAA-1","Cortex"
"TCCGCTGTCATCCCGG-1","Hippocampus"
"TCCGCTTATCCCATTA-1","Thalamus"
"TCCGGCCTAGCGTACA-1","Cortex"
"TCCGGTTCGTCCGGTC-1","Thalamus"
"TCCGTAACCACAATCC-1","Amygdala"
"TCCGTTAAGCTAATAT-1","Cortex"
"TCCGTTTAGCCTTGAA-1","Fiber_tracts"
"TCCTAAATTGGGAAGC-1","Thalamus"
"TCCTACATCCACGGCC-1","Hippocampus"
"TCCTAGCAAAGAAGCT-1","Hypothalamus"
"TCCTATCATAGGTAAC-1","Cortex"
"TCCTCCTAAGACATTC-1","Hypothalamus"
"TCCTCGGGCTGGGCTT-1","Thalamus"
"TCCTCTACGAGATGGC-1","Amygdala"
"TCCTCTCCAGTTGTCC-1","Amygdala"
"TCCTCTGGCCCATTAG-1","Cortex"
"TCCTGCCAACTGGAGA-1","Cortex"
"TCCTGCGTTGATACTC-1","Hypothalamus"
"TCCTTACGACGGTCCG-1","Hippocampus"
"TCCTTCAGTGGTCGAA-1","Fiber_tracts"
"TCCTTTAAATCCGCTT-1","Fiber_tracts"
"TCCTTTCTTACGCTTA-1","Fiber_tracts"
"TCGAAATTTAGGACCA-1","Fiber_tracts"
"TCGAAGAACCGAGCAC-1","Fiber_tracts"
"TCGAGACCAACACCGT-1","Thalamus"
"TCGATAGGCTAGTCGC-1","Cortex"
"TCGCAAAGATGCATTT-1","Thalamus"
"TCGCACCAGGAGGCAG-1","Hippocampus"
"TCGCATCCCTAAGTGT-1","Amygdala"
"TCGCATTCAATGACTT-1","Cortex"
"TCGCCGAAGTTGCGTC-1","Hypothalamus"
"TCGCCGCACCGCGTGA-1","Hypothalamus"
"TCGCCGGTCGATCCGT-1","Caudoputamen"
"TCGCGTAGCAGTGTCC-1","Cortex"
"TCGCGTCCAGAAGGTC-1","Fiber_tracts"
"TCGCTAAACCGCTATC-1","Cortex"
"TCGCTCGATATATTCC-1","Fiber_tracts"
"TCGCTCGGCACCAGCG-1","Cortex"
"TCGCTGGGCGGATTGT-1","Fiber_tracts"
"TCGCTGTGCGTAAATC-1","Amygdala"
"TCGCTTTAAACGTTTG-1","Caudoputamen"
"TCGGAATGACCATCAA-1","Cortex"
"TCGGAATGCGCTCTGA-1","Amygdala"
"TCGGACGCCCAGCCCA-1","Fiber_tracts"
"TCGGAGAGTATCGGGA-1","Hypothalamus"
"TCGGAGTACATGAGTA-1","Thalamus"
"TCGGCGAACCCAAACC-1","Cortex"
"TCGGCGTACTGCACAA-1","Hypothalamus"
"TCGGCTAACTTCCCTT-1","Cortex"
"TCGGCTTGTATCGACG-1","Cortex"
"TCGGGAACGTGCCTAG-1","Cortex"
"TCGGGATTCAAACATA-1","Hypothalamus"
"TCGGGCCGTCGTGGTA-1","Hippocampus"
"TCGGGTGAAACTGCTA-1","Cortex"
"TCGGTCCCTGACTCCA-1","Cortex"
"TCGTAAGACGACATTG-1","Fiber_tracts"
"TCGTAAGCTCCGAGGA-1","Cortex"
"TCGTATAGTGCAATTA-1","Cortex"
"TCGTATTACCCATTGC-1","Hypothalamus"
"TCGTATTTCGTCCGGA-1","Cortex"
"TCGTCACACTGTTAGC-1","Amygdala"
"TCGTCCGCTGGCGTCT-1","Amygdala"
"TCGTCTTAGGCGTTAA-1","Hippocampus"
"TCGTGTACTATGGATG-1","Thalamus"
"TCGTGTATTGGTCACG-1","Cortex"
"TCGTGTCACGCTGACA-1","Hypothalamus"
"TCGTGTTCGACCACAA-1","Cortex"
"TCGTTAGGAGTCCCTA-1","Thalamus"
"TCGTTCGTTATTATGT-1","Cortex"
"TCGTTGCTATCCGGTC-1","Thalamus"
"TCGTTGGCTCGTCAAT-1","Cortex"
"TCTACCCAATAGAGAG-1","Cortex"
"TCTACCGTCCACAAGC-1","Fiber_tracts"
"TCTAGCAATCTCCGCC-1","Hypothalamus"
"TCTAGCATCTTCGATG-1","Amygdala"
"TCTAGCATGCCCAGAA-1","Thalamus"
"TCTAGGTGGCGACGCT-1","Cortex"
"TCTAGTGATATCGTGG-1","Hippocampus"
"TCTAGTTATCAGAAGA-1","Thalamus"
"TCTATCATGCAGTTAC-1","Amygdala"
"TCTATCGGTCGCAACA-1","Thalamus"
"TCTATTACGCTGGCGA-1","Amygdala"
"TCTATTACTAGAGGAT-1","Hypothalamus"
"TCTCATGAGATAGGGT-1","Hippocampus"
"TCTCCAACGTAGGTTA-1","Caudoputamen"
"TCTCCCTGGGCAGCGT-1","Hippocampus"
"TCTCGAACGAGGTCAC-1","Cortex"
"TCTCGACGTATCGCCG-1","Cortex"
"TCTCGAGGAGGTTCGC-1","Cortex"
"TCTCGGCTCCAGGACT-1","Cortex"
"TCTCGTGTTACGAGGA-1","Hypothalamus"
"TCTCTAATAGCTGGTA-1","Amygdala"
"TCTCTCGCCGCACATA-1","Cortex"
"TCTGAACCGGTCGGCT-1","Amygdala"
"TCTGAACTCGTACCCG-1","Hippocampus"
"TCTGAAGCACGTGGTC-1","Hippocampus"
"TCTGAATTCCGTACAA-1","Fiber_tracts"
"TCTGACGGGCTAACCC-1","Cortex"
"TCTGAGCAATTGACTG-1","Cortex"
"TCTGATCGGGTGCTAG-1","Cortex"
"TCTGATGTATTCTGTC-1","Hippocampus"
"TCTGCCAGAAACTGCA-1","Thalamus"
"TCTGCGTCCGGTTTCT-1","Amygdala"
"TCTGGCCGTTCAAGTT-1","Cortex"
"TCTGGGAACCTTTGAA-1","Hippocampus"
"TCTGGGTAGCGCTCAT-1","Hypothalamus"
"TCTGTCATACAAGAGC-1","Cortex"
"TCTGTGCCATCATAGT-1","Fiber_tracts"
"TCTGTTACCCAGCATA-1","Hypothalamus"
"TCTTACAGAGGTACCG-1","Amygdala"
"TCTTACCGGAACTCGT-1","Cortex"
"TCTTACGGCATCCGAC-1","Amygdala"
"TCTTACTTATGCCTCT-1","Hippocampus"
"TCTTAGAGCTCCAATT-1","Cortex"
"TCTTAGAGTGAACTCT-1","Fiber_tracts"
"TCTTCCCATGGGCACA-1","Fiber_tracts"
"TCTTCGAATAGACGTT-1","Thalamus"
"TCTTCGATACCAATAA-1","Thalamus"
"TCTTCTATAACCCGCC-1","Cortex"
"TCTTGATGCGTAGCGA-1","Thalamus"
"TCTTGGTAACACCAAA-1","Caudoputamen"
"TCTTTAAGACTATGAA-1","Fiber_tracts"
"TCTTTAGAGTCTAACA-1","Cortex"
"TCTTTAGCAGGCGAAC-1","Cortex"
"TCTTTCTCTTAAGGAG-1","Cortex"
"TGAAACTTATGCAAGC-1","Cortex"
"TGAAAGGACCTGACTC-1","Fiber_tracts"
"TGAATGTCAGCCGGCC-1","Cortex"
"TGACACTTCTCTTTGC-1","Cortex"
"TGACATCGAGCGGACC-1","Fiber_tracts"
"TGACCCACGTTAGACA-1","Fiber_tracts"
"TGACGAATATTTCCCT-1","Hypothalamus"
"TGACGATGCACTAGAA-1","Fiber_tracts"
"TGACTATAATCCTTTC-1","Thalamus"
"TGAGAATGCTTTACCG-1","Amygdala"
"TGAGAGATTTACCACG-1","Hippocampus"
"TGAGATCAAATACTCA-1","Cortex"
"TGAGATTAGGCCCTAA-1","Cortex"
"TGAGCCATACAGTCTC-1","Hypothalamus"
"TGAGCGGAAAGTGTTC-1","Thalamus"
"TGAGCTTTAATGACGC-1","Cortex"
"TGAGTAAATTAGCGTA-1","Thalamus"
"TGAGTGCCTCTTAAAT-1","Thalamus"
"TGAGTGGTCCGTGACG-1","Fiber_tracts"
"TGAGTTAAAGACATTC-1","Cortex"
"TGATACATTTAGCCGT-1","Thalamus"
"TGATCAGGGAACTGCT-1","Hypothalamus"
"TGATCCCAGCATTAGT-1","Cortex"
"TGATCGGTTTGACCCT-1","Fiber_tracts"
"TGATCTACGCTGATCT-1","Cortex"
"TGATCTCCGGCGCCAG-1","Fiber_tracts"
"TGATGGCTGTTTCTGA-1","Cortex"
"TGATGTCAATTAAGTG-1","Cortex"
"TGATTCAGGTCCCGCG-1","Hypothalamus"
"TGATTCGTCTATCACT-1","Fiber_tracts"
"TGATTCTGTCGCCGGT-1","Thalamus"
"TGATTTATTAGCTGTG-1","Hypothalamus"
"TGATTTCCTCCTGACG-1","Amygdala"
"TGCAAGAATGACGTAA-1","Fiber_tracts"
"TGCAATTTGGGCACGG-1","Cortex"
"TGCACAGTGAAGTTAT-1","Cortex"
"TGCACGAGTCGGCAGC-1","Cortex"
"TGCAGAACTATATCGT-1","Hypothalamus"
"TGCAGAGTACCGAGCA-1","Thalamus"
"TGCAGATCGTCCTAGG-1","Hypothalamus"
"TGCAGCTACGTACTTC-1","Hypothalamus"
"TGCAGGATCGGCAAAG-1","Fiber_tracts"
"TGCAGTTTCCTCCCAT-1","Hippocampus"
"TGCATATGTCTGTCAC-1","Fiber_tracts"
"TGCATGGATCGGATCT-1","Caudoputamen"
"TGCATGTGGTAATCTA-1","Fiber_tracts"
"TGCCAAAGTCAGACTT-1","Hypothalamus"
"TGCCAATGGGTACTCT-1","Thalamus"
"TGCCACCTGGCGAAAC-1","Caudoputamen"
"TGCCAGTACGTGGAGA-1","Thalamus"
"TGCCATTACTAAAGAA-1","Fiber_tracts"
"TGCCCGTACCGTTAAA-1","Thalamus"
"TGCCGAAAGCGTATTC-1","Cortex"
"TGCCGTGGATCGTCCT-1","Thalamus"
"TGCCTAATTGAAGATT-1","Cortex"
"TGCCTGACATCGGTCA-1","Amygdala"
"TGCCTGATCAAACGAT-1","Caudoputamen"
"TGCCTTGGCCAGGCAA-1","Hippocampus"
"TGCGAATATGGGATTT-1","Hypothalamus"
"TGCGACACCCTAGTGC-1","Thalamus"
"TGCGAGAATATTACCC-1","Thalamus"
"TGCGAGCCCTTCCGCG-1","Cortex"
"TGCGCAAAGCATTTGG-1","Thalamus"
"TGCGCCGTTAATAACG-1","Cortex"
"TGCGCGATTAACGGAG-1","Amygdala"
"TGCGGAGTAAAGGTGC-1","Caudoputamen"
"TGCGGCATAGTTCAAC-1","Cortex"
"TGCGGTGAAATTTCAT-1","Cortex"
"TGCGTAAGAACCTGAT-1","Thalamus"
"TGCGTTTGTTGACACT-1","Thalamus"
"TGCTAAGTGTCTATTT-1","Hippocampus"
"TGCTATACAAACGGAC-1","Cortex"
"TGCTCCACAGTTCTTA-1","Hippocampus"
"TGCTCGGCGAAACCCA-1","Thalamus"
"TGCTGGTTGGACAATT-1","Amygdala"
"TGCTGTTGAAGAACTC-1","Thalamus"
"TGGAACCACTGACACA-1","Cortex"
"TGGAAGAAGGGAACGT-1","Hypothalamus"
"TGGAAGACGAACACCA-1","Amygdala"
"TGGAAGGATAAAGATG-1","Caudoputamen"
"TGGAATATCCTTGACC-1","Cortex"
"TGGAATTAGACGCTTT-1","Amygdala"
"TGGACTGTTCGCTCAA-1","Thalamus"
"TGGAGCTAAAGTTCCC-1","Cortex"
"TGGAGTGATGCGATGA-1","Fiber_tracts"
"TGGCAAACTAAATTAC-1","Hippocampus"
"TGGCAACTCGCGCGCC-1","Fiber_tracts"
"TGGCAATGGGACGGCG-1","Cortex"
"TGGCAGATTACGATCA-1","Thalamus"
"TGGCAGCAGTAATAGT-1","Thalamus"
"TGGCCAAACTGAAGTA-1","Fiber_tracts"
"TGGCCAATTTGGTACT-1","Hypothalamus"
"TGGCCGTATATTGACC-1","Amygdala"
"TGGCGACTGCTCCAAA-1","Thalamus"
"TGGCGATCAAGTTATG-1","Thalamus"
"TGGCGGTGTGCGATTG-1","Cortex"
"TGGCTCTTGTCGCGTA-1","Hypothalamus"
"TGGCTTTGGGTAGACA-1","Amygdala"
"TGGGAAATGCCTTTCC-1","Amygdala"
"TGGGATGCACTCATTC-1","Cortex"
"TGGGCAATAGTTGGGT-1","Cortex"
"TGGGCACAAACAGAAC-1","Cortex"
"TGGGCACGTTCTATGG-1","Fiber_tracts"
"TGGGCAGGCCACCGCA-1","Cortex"
"TGGGCCACAAGAGCGC-1","Caudoputamen"
"TGGGCCCATACTAATT-1","Hippocampus"
"TGGGTAAGGTTCCCGC-1","Cortex"
"TGGTAAGCAGGATTGA-1","Hypothalamus"
"TGGTAGAATATATGGG-1","Fiber_tracts"
"TGGTATCGCATCCCAA-1","Cortex"
"TGGTATCGGTCTGTAT-1","Cortex"
"TGGTCCCACGCTACGG-1","Hippocampus"
"TGGTCGTGCAAGGCAA-1","Hypothalamus"
"TGGTCTGTTGGGCGTA-1","Hypothalamus"
"TGGTGATCGTATTTGT-1","Amygdala"
"TGGTTAAGGGCGCTGG-1","Cortex"
"TGGTTCAACGGGTAAT-1","Hippocampus"
"TGGTTCGTAGCAAAGG-1","Thalamus"
"TGGTTGGAGGATCCTG-1","Cortex"
"TGGTTTAAACGTGGGT-1","Cortex"
"TGTACGAACAAATCCG-1","Thalamus"
"TGTACTGTGCCAAAGT-1","Cortex"
"TGTAGGAGAAATTTCC-1","Fiber_tracts"
"TGTAGTGATCTATAAT-1","Hypothalamus"
"TGTATAACAGATCCTG-1","Fiber_tracts"
"TGTATCCTTATTCCAT-1","Cortex"
"TGTATGGCGCAGACAG-1","Hippocampus"
"TGTCATTTGTTGGGAA-1","Cortex"
"TGTCCCGACATAGCAC-1","Cortex"
"TGTCCGTGGCGCCTTT-1","Amygdala"
"TGTCCTAAGTCACCGC-1","Hypothalamus"
"TGTCGGCATGGTGGAA-1","Cortex"
"TGTCTACAGTTTCTGT-1","Cortex"
"TGTGACTACGCCAGTC-1","Caudoputamen"
"TGTGCCGGTGCCGGAA-1","Fiber_tracts"
"TGTGCTTTACGTAAGA-1","Hypothalamus"
"TGTGGCAAAGCGTATG-1","Fiber_tracts"
"TGTGGCTCCCACCAAC-1","Cortex"
"TGTGTAGTAGCACGTG-1","Cortex"
"TGTGTCGCGAGTTGCA-1","Amygdala"
"TGTTATTGTATGTGGC-1","Hippocampus"
"TGTTCCGCTTCCATGA-1","Fiber_tracts"
"TGTTCGTATTGCGGTG-1","Thalamus"
"TGTTCTTCCATTGACT-1","Fiber_tracts"
"TGTTGCCGTCGTCCCA-1","Cortex"
"TGTTGTCAAGAAGTCT-1","Caudoputamen"
"TGTTTAATACTTCATC-1","Cortex"
"TGTTTCGGTACTTCTC-1","Amygdala"
"TGTTTGAGATCGTCAG-1","Cortex"
"TTAAACAGAGTCCCGC-1","Cortex"
"TTAAACCGGTAGCGAC-1","Cortex"
"TTAAACTCGAATTCAT-1","Fiber_tracts"
"TTAACACCTCGAACAT-1","Amygdala"
"TTAACCAACCCTCCCT-1","Amygdala"
"TTAACGAACAAGCAGT-1","Cortex"
"TTAACGTCGCAAGACC-1","Cortex"
"TTAACTTCAGGTAGGA-1","Hypothalamus"
"TTAAGATAGGATTGAC-1","Fiber_tracts"
"TTAAGCCGACAACTTC-1","Cortex"
"TTAAGCGCCTGACCCA-1","Thalamus"
"TTAAGGATACGGAGGT-1","Cortex"
"TTAATCAGTACGTCAG-1","Caudoputamen"
"TTAATGCGAGGTAACT-1","Cortex"
"TTAATGTAGACCAGGT-1","Thalamus"
"TTAATTTCAGACGCGG-1","Caudoputamen"
"TTACAACTACGCATCC-1","Thalamus"
"TTACAGACCTAAATGA-1","Cortex"
"TTACATCGTGGCCTGG-1","Amygdala"
"TTACATGCCACAACTA-1","Fiber_tracts"
"TTACCATTGATTACCC-1","Hypothalamus"
"TTACCCATTGCCGGGT-1","Cortex"
"TTACCCTAACAGTCCT-1","Amygdala"
"TTACCGCCTTAGGGAA-1","Cortex"
"TTACGGATGGTTCGAG-1","Fiber_tracts"
"TTACTAAAGGACTTTA-1","Hippocampus"
"TTACTCCGGCCGGGAA-1","Fiber_tracts"
"TTACTCTGGTACGTAC-1","Hypothalamus"
"TTACTGGGATATTTCA-1","Thalamus"
"TTAGAAGAACATGACT-1","Thalamus"
"TTAGACACGATCGTTG-1","Cortex"
"TTAGACGAGTCACCTC-1","Hippocampus"
"TTAGAGTTTAGAAGGA-1","Hippocampus"
"TTAGATAGGTCGATAC-1","Cortex"
"TTAGCAACATGGATGT-1","Amygdala"
"TTAGCTAATACGATCT-1","Cortex"
"TTAGCTGATTTGCCGT-1","Fiber_tracts"
"TTAGTAGGGCGGCGGG-1","Hypothalamus"
"TTAGTTATTCGTGGCA-1","Hippocampus"
"TTAGTTCAAGTGTTCG-1","Cortex"
"TTATAGATGCACATTA-1","Cortex"
"TTATATACGCTGTCAC-1","Thalamus"
"TTATATTTGGCAATCC-1","Fiber_tracts"
"TTATCCAATCGAACTC-1","Amygdala"
"TTATCCGGGATCTATA-1","Hippocampus"
"TTATCGCCTGCGAAGC-1","Amygdala"
"TTATCTGACATTAGGA-1","Hypothalamus"
"TTATCTGTATCATAAC-1","Thalamus"
"TTATGAATGAAAGGGA-1","Thalamus"
"TTATGACAAACTGGAT-1","Amygdala"
"TTATGATCTTAACGAA-1","Fiber_tracts"
"TTATGCGTCCCGGTCC-1","Cortex"
"TTATGTTTGCGATAGA-1","Amygdala"
"TTATTAGAGCGTGTTC-1","Thalamus"
"TTATTAGGGAAGCATC-1","Amygdala"
"TTCAAAGTCTCTAGCC-1","Thalamus"
"TTCAACGACCCGACCG-1","Amygdala"
"TTCAAGCCGAGCTGAG-1","Cortex"
"TTCAATACTCTGAATC-1","Fiber_tracts"
"TTCAATTAGCCATAAT-1","Cortex"
"TTCACGAAAGGATCAC-1","Thalamus"
"TTCACTCGAGCACCTA-1","Thalamus"
"TTCAGCCCTGGTCCAC-1","Hippocampus"
"TTCAGCTGGCGTGCCC-1","Fiber_tracts"
"TTCAGGCGTCAAAGCC-1","Hypothalamus"
"TTCATGGCGCAACAGG-1","Caudoputamen"
"TTCCAATCAGAGCTAG-1","Cortex"
"TTCCAATCTGGCTATC-1","Thalamus"
"TTCCACACAGATTTGA-1","Thalamus"
"TTCCAGACGAGATTTA-1","Cortex"
"TTCCATCATGCGGTGA-1","Cortex"
"TTCCCGGCGCCAATAG-1","Hypothalamus"
"TTCCGCAGAGAAATAT-1","Cortex"
"TTCCGCGTGAGGCGAT-1","Thalamus"
"TTCCGGCCTTGAGGCT-1","Thalamus"
"TTCCGGTATCTGTGTC-1","Cortex"
"TTCCGGTTACCCACTT-1","Hippocampus"
"TTCCTCGAGGGTGTCT-1","Amygdala"
"TTCCTCGGACTAACCA-1","Hippocampus"
"TTCCTTTCTGTGTTGC-1","Cortex"
"TTCGACAGAGCCCGTG-1","Thalamus"
"TTCGACGGGAAGGGCG-1","Amygdala"
"TTCGCACTCGCGTGCT-1","Amygdala"
"TTCGCATCCGGAAGCA-1","Cortex"
"TTCGCTAGGAAGTTGT-1","Cortex"
"TTCGCTATCTGACGTG-1","Cortex"
"TTCGGCAACCCGCTGA-1","Cortex"
"TTCGGCTAGAGATGGT-1","Amygdala"
"TTCGGGACTAATCGCG-1","Thalamus"
"TTCGGGCGCTAGTCTT-1","Hypothalamus"
"TTCGGTGGAGACGCCC-1","Cortex"
"TTCGTAATCCCAGCGG-1","Cortex"
"TTCGTACTCCAGAACG-1","Amygdala"
"TTCGTTCAACGAAGTT-1","Cortex"
"TTCTAACCGAAGCTTA-1","Fiber_tracts"
"TTCTACCTTTATGTTG-1","Cortex"
"TTCTACTTGCGAGGGC-1","Amygdala"
"TTCTAGGCCAATTGTG-1","Amygdala"
"TTCTGACCGGGCTCAA-1","Hippocampus"
"TTCTGCCGCGCCTAGA-1","Thalamus"
"TTCTGCGGGTTAGCGG-1","Thalamus"
"TTCTGCTAGACTCCAA-1","Cortex"
"TTCTTAGTGAACGGTG-1","Amygdala"
"TTCTTAGTGGCTCAGA-1","Caudoputamen"
"TTCTTATCCGCTGGGT-1","Fiber_tracts"
"TTCTTGAGCCGCGCTA-1","Thalamus"
"TTCTTGCTAGCATCTC-1","Cortex"
"TTCTTGGACGATCTGC-1","Hypothalamus"
"TTCTTGGAGTAATGAG-1","Caudoputamen"
"TTCTTGTAACCTAATG-1","Amygdala"
"TTCTTTGGTCGCGACG-1","Cortex"
"TTGAAAGGTGTAAAGG-1","Cortex"
"TTGAACGAATCCTTTG-1","Amygdala"
"TTGAAGAATTCCCAGG-1","Fiber_tracts"
"TTGAATATGGACTTTC-1","Thalamus"
"TTGAATCGTTGTATAA-1","Hypothalamus"
"TTGAATTCACGTGAGG-1","Fiber_tracts"
"TTGACAGGAGCTCCCG-1","Fiber_tracts"
"TTGACATGAACGTGGA-1","Hypothalamus"
"TTGACCATGTTCTCCG-1","Caudoputamen"
"TTGACCGTGTTAATGA-1","Hypothalamus"
"TTGACGATTCAGCACG-1","Cortex"
"TTGACGCTCCATGAGC-1","Fiber_tracts"
"TTGACTACCATATGGT-1","Thalamus"
"TTGACTATTGTCCGGC-1","Cortex"
"TTGAGAAGTTTAGCAT-1","Hippocampus"
"TTGAGAGTACTGCTAA-1","Hypothalamus"
"TTGAGCAGCCCACGGT-1","Cortex"
"TTGAGCGCCACGTGAT-1","Cortex"
"TTGAGGCATTTAACTC-1","Cortex"
"TTGAGTCCCGCTGCTG-1","Cortex"
"TTGATAGTCAATACAT-1","Cortex"
"TTGATCTAACTTTGTC-1","Thalamus"
"TTGATGTGTAGTCCCG-1","Fiber_tracts"
"TTGATTAGCTGTTTCT-1","Hypothalamus"
"TTGATTATGCAGATGA-1","Amygdala"
"TTGCACAATTCAGAAA-1","Thalamus"
"TTGCACGGAGCAGCAC-1","Caudoputamen"
"TTGCATGCTGATCACG-1","Hypothalamus"
"TTGCCAAGCAGAACCC-1","Cortex"
"TTGCCCTGATCACGGG-1","Hypothalamus"
"TTGCCGGTGATCCCTC-1","Cortex"
"TTGCGGCATCAGAAAG-1","Thalamus"
"TTGCGTAGTTTGAGGA-1","Amygdala"
"TTGCGTCGGCCAACCG-1","Thalamus"
"TTGCGTGAACGCTTAG-1","Cortex"
"TTGCTCCCATACCGGA-1","Caudoputamen"
"TTGCTGAAGGAACCAC-1","Caudoputamen"
"TTGCTGATCATGTTCG-1","Thalamus"
"TTGCTGCACCTATCCA-1","Amygdala"
"TTGCTGGCCGGGCTTC-1","Cortex"
"TTGGAAGAATACAGTC-1","Hypothalamus"
"TTGGACATGTGGCTTA-1","Hypothalamus"
"TTGGACCATCTGGCAA-1","Cortex"
"TTGGACCTATAACAGT-1","Hippocampus"
"TTGGAGTCTCCCTTCT-1","Cortex"
"TTGGATATCGTCTACG-1","Thalamus"
"TTGGATCGACTTCTGG-1","Cortex"
"TTGGATTGGGTACCAC-1","Amygdala"
"TTGGCCATCTTGCGCT-1","Amygdala"
"TTGGCCTAGAATTTCG-1","Cortex"
"TTGGCGATCCGAATAT-1","Cortex"
"TTGGCTCGCATGAGAC-1","Amygdala"
"TTGGGACACTGCCCGC-1","Fiber_tracts"
"TTGGGACGTAAGAGTT-1","Cortex"
"TTGGGCGGCGGTTGCC-1","Fiber_tracts"
"TTGGTATGGCTTGTGT-1","Cortex"
"TTGGTCACACTCGTAA-1","Thalamus"
"TTGTAAGGACCTAAGT-1","Hypothalamus"
"TTGTAAGGCCAGTTGG-1","Caudoputamen"
"TTGTAATCCGTACTCG-1","Thalamus"
"TTGTATCACACAGAAT-1","Cortex"
"TTGTCGTTCAGTTACC-1","Thalamus"
"TTGTGAACCTAATCCG-1","Fiber_tracts"
"TTGTGAGGCATGACGC-1","Hypothalamus"
"TTGTGGCCCTGACAGT-1","Caudoputamen"
"TTGTGGTAGGAGGGAT-1","Hypothalamus"
"TTGTGTATGCCACCAA-1","Thalamus"
"TTGTGTTTCCCGAAAG-1","Thalamus"
"TTGTTAGCAAATTCGA-1","Amygdala"
"TTGTTCAGTGTGCTAC-1","Thalamus"
"TTGTTGTGTGTCAAGA-1","Fiber_tracts"
"TTGTTTCCATACAACT-1","Hypothalamus"
"TTGTTTGTGTAAATTC-1","Cortex"
